input_url,status,filepath,title,uploader,id,duration,webpage_url,error
https://www.tiktok.com/@thehappydaycoshirt/video/7465769991204244767,ok,Downloaded_Audio/thehappydaycoshirt_7465769991204244767.mp3,Letâ€™s talk about the new book! Is it what your expected? #bookish #on...,thehappydaycoshirt,7465769991204244767,17,https://www.tiktok.com/@thehappydaycoshirt/video/7465769991204244767,
https://www.tiktok.com/@thehappydaycoshirt/video/7464994866116726046,ok,Downloaded_Audio/thehappydaycoshirt_7464994866116726046.mp3,Violent little thing ğŸ“šğŸ“– #bookish #booktok #fantasyromance #fantasyboo...,thehappydaycoshirt,7464994866116726046,15,https://www.tiktok.com/@thehappydaycoshirt/video/7464994866116726046,
https://www.tiktok.com/@thehappydaycoshirt/video/7464274731257171230,ok,Downloaded_Audio/thehappydaycoshirt_7464274731257171230.mp3,Fourth Wing VS Acotar ğŸ“šğŸ“– #bookish #booktok #fantasyromance #fantasyre...,thehappydaycoshirt,7464274731257171230,14,https://www.tiktok.com/@thehappydaycoshirt/video/7464274731257171230,
https://www.tiktok.com/@thehappydaycoshirt/video/7463889428914670879,ok,Downloaded_Audio/thehappydaycoshirt_7463889428914670879.mp3,Never stop HOT ğŸ“–â¤ï¸â€ğŸ”¥ #bookish #booktok #fantasyromance #fantasyreader...,thehappydaycoshirt,7463889428914670879,18,https://www.tiktok.com/@thehappydaycoshirt/video/7463889428914670879,
https://www.tiktok.com/@thehappydaycoshirt/video/7463136257959382303,ok,Downloaded_Audio/thehappydaycoshirt_7463136257959382303.mp3,Fantasy readers callingğŸ“šğŸ“–  #bookish #booktok #fantasyromance #fantasy...,thehappydaycoshirt,7463136257959382303,20,https://www.tiktok.com/@thehappydaycoshirt/video/7463136257959382303,
https://www.tiktok.com/@thehappydaycoshirt/video/7462777421494816031,ok,Downloaded_Audio/thehappydaycoshirt_7462777421494816031.mp3,Have you read a new book yet? #bookish #booktok  #onyx #onyxstorm #fo...,thehappydaycoshirt,7462777421494816031,15,https://www.tiktok.com/@thehappydaycoshirt/video/7462777421494816031,
https://www.tiktok.com/@thehappydaycoshirt/video/7462013312868437278,error,,,,,,,[0;31mERROR:[0m unable to download video data: HTTP Error 403: Forbidden
https://www.tiktok.com/@thehappydaycoshirt/video/7461783744878218526,ok,Downloaded_Audio/thehappydaycoshirt_7461783744878218526.mp3,Donâ€™t forget Throne of glass ğŸ“šğŸ“– #bookish #books #booktok #fantasyread...,thehappydaycoshirt,7461783744878218526,19,https://www.tiktok.com/@thehappydaycoshirt/video/7461783744878218526,
https://www.tiktok.com/@thehappydaycoshirt/video/7460539400242351391,ok,Downloaded_Audio/thehappydaycoshirt_7460539400242351391.mp3,You only have only 3 days to order the cutest fantasy book sweaters ğŸ“–...,thehappydaycoshirt,7460539400242351391,18,https://www.tiktok.com/@thehappydaycoshirt/video/7460539400242351391,
https://www.tiktok.com/@thehappydaycoshirt/video/7460176407071657247,ok,Downloaded_Audio/thehappydaycoshirt_7460176407071657247.mp3,Calling Throne of glass fan ğŸ“–ğŸ“š #bookish #throneofglass #throneofglass...,thehappydaycoshirt,7460176407071657247,18,https://www.tiktok.com/@thehappydaycoshirt/video/7460176407071657247,
https://www.tiktok.com/@thehappydaycoshirt/video/7459804805419060510,ok,Downloaded_Audio/thehappydaycoshirt_7459804805419060510.mp3,Can you tell me the names of these dragon? #bookish #fantasyreader #f...,thehappydaycoshirt,7459804805419060510,14,https://www.tiktok.com/@thehappydaycoshirt/video/7459804805419060510,
https://www.tiktok.com/@thehappydaycoshirt/video/7459384933048503582,ok,Downloaded_Audio/thehappydaycoshirt_7459384933048503582.mp3,Tell me the dragon you want to ride ğŸ“–ğŸ“šğŸ«¶ğŸ» #bookish #fantasyreader #fan...,thehappydaycoshirt,7459384933048503582,15,https://www.tiktok.com/@thehappydaycoshirt/video/7459384933048503582,
https://www.tiktok.com/@thehappydaycoshirt/video/7458709709051219231,ok,Downloaded_Audio/thehappydaycoshirt_7458709709051219231.mp3,Highly recommend for Fantasy romance readers ğŸ“šğŸ“–ğŸ«¶ğŸ» #bookish #fantasyre...,thehappydaycoshirt,7458709709051219231,13,https://www.tiktok.com/@thehappydaycoshirt/video/7458709709051219231,
https://www.tiktok.com/@thehappydaycoshirt/video/7458305095743114527,ok,Downloaded_Audio/thehappydaycoshirt_7458305095743114527.mp3,Please tell me the name of the dragon you choosed ğŸ“–ğŸ“š #bookish #fantas...,thehappydaycoshirt,7458305095743114527,15,https://www.tiktok.com/@thehappydaycoshirt/video/7458305095743114527,
https://www.tiktok.com/@thehappydaycoshirt/video/7457576897812172063,ok,Downloaded_Audio/thehappydaycoshirt_7457576897812172063.mp3,Fourth Wing fanğŸ“šğŸ“–ğŸ’• #bookish #fantasyreader #fantasyromance #booktok #...,thehappydaycoshirt,7457576897812172063,24,https://www.tiktok.com/@thehappydaycoshirt/video/7457576897812172063,
https://www.tiktok.com/@thehappydaycoshirt/video/7456823565631950110,ok,Downloaded_Audio/thehappydaycoshirt_7456823565631950110.mp3,Fourth Wing fan basket #bookish #fantasyreader #fantasyromance #bookt...,thehappydaycoshirt,7456823565631950110,14,https://www.tiktok.com/@thehappydaycoshirt/video/7456823565631950110,
https://www.tiktok.com/@thehappydaycoshirt/video/7456492319932452126,ok,Downloaded_Audio/thehappydaycoshirt_7456492319932452126.mp3,Welcome to the Night Court #sjmaas #velaris #acotar #bookish #sjm #fa...,thehappydaycoshirt,7456492319932452126,17,https://www.tiktok.com/@thehappydaycoshirt/video/7456492319932452126,
https://www.tiktok.com/@thehappydaycoshirt/video/7456102749915073823,ok,Downloaded_Audio/thehappydaycoshirt_7456102749915073823.mp3,Bookish ğŸ§º ğŸ“šğŸ“– #fourthwing #theempyreanseries #onyx #ironflame #onyxsto...,thehappydaycoshirt,7456102749915073823,19,https://www.tiktok.com/@thehappydaycoshirt/video/7456102749915073823,
https://www.tiktok.com/@thehappydaycoshirt/video/7455709509030251807,ok,Downloaded_Audio/thehappydaycoshirt_7455709509030251807.mp3,Onyx Storm ğŸ“–ğŸ“š #fourthwing #theempyreanseries #onyx #ironflame #onyxst...,thehappydaycoshirt,7455709509030251807,13,https://www.tiktok.com/@thehappydaycoshirt/video/7455709509030251807,
https://www.tiktok.com/@thehappydaycoshirt/video/7455353677302304031,ok,Downloaded_Audio/thehappydaycoshirt_7455353677302304031.mp3,Calling Dagon riders ğŸ“–ğŸ“š #fourthwing #theempyreanseries #onyx #ironfla...,thehappydaycoshirt,7455353677302304031,14,https://www.tiktok.com/@thehappydaycoshirt/video/7455353677302304031,
https://www.tiktok.com/@thehappydaycoshirt/video/7454980798383410462,ok,Downloaded_Audio/thehappydaycoshirt_7454980798383410462.mp3,Letâ€™s countdown for Onyx storm? D-21 ğŸ“š #fourthwing #theempyreanseries...,thehappydaycoshirt,7454980798383410462,16,https://www.tiktok.com/@thehappydaycoshirt/video/7454980798383410462,
https://www.tiktok.com/@thehappydaycoshirt/video/7454626994198826270,ok,Downloaded_Audio/thehappydaycoshirt_7454626994198826270.mp3,Itâ€™s the best gift for Fourth Wing fan. Tairn and Andarna version ğŸ“–ğŸ“š ...,thehappydaycoshirt,7454626994198826270,19,https://www.tiktok.com/@thehappydaycoshirt/video/7454626994198826270,
https://www.tiktok.com/@thehappydaycoshirt/video/7454240146523802910,ok,Downloaded_Audio/thehappydaycoshirt_7454240146523802910.mp3,Fantasy reader ğŸ“–ğŸ“š #fourthwing #theempyreanseries #onyx #ironflame #on...,thehappydaycoshirt,7454240146523802910,17,https://www.tiktok.com/@thehappydaycoshirt/video/7454240146523802910,
https://www.tiktok.com/@thehappydaycoshirt/video/7453892957289139486,ok,Downloaded_Audio/thehappydaycoshirt_7453892957289139486.mp3,Itâ€™s a need for Fourth Wing Onyx Strom fan ğŸ«¶ğŸ»ğŸ“–ğŸ“š #fourthwing #theempyr...,thehappydaycoshirt,7453892957289139486,16,https://www.tiktok.com/@thehappydaycoshirt/video/7453892957289139486,
https://www.tiktok.com/@thehappydaycoshirt/video/7453104865775062303,ok,Downloaded_Audio/thehappydaycoshirt_7453104865775062303.mp3,"If you know their names, you are a fan of The Empyrean Series. If not...",thehappydaycoshirt,7453104865775062303,21,https://www.tiktok.com/@thehappydaycoshirt/video/7453104865775062303,
https://www.tiktok.com/@thehappydaycoshirt/video/7452905785878678815,ok,Downloaded_Audio/thehappydaycoshirt_7452905785878678815.mp3,Letâ€™s countdown to the D-Day â˜ºï¸ #fourthwing #onyx #onyxstorm #bookish...,thehappydaycoshirt,7452905785878678815,21,https://www.tiktok.com/@thehappydaycoshirt/video/7452905785878678815,
https://www.tiktok.com/@thehappydaycoshirt/video/7452745039404436766,ok,Downloaded_Audio/thehappydaycoshirt_7452745039404436766.mp3,He gave me the cutest Valentineâ€™s gift ğŸ’•ğŸ€ #mom #momsoftiktok #pregnan...,thehappydaycoshirt,7452745039404436766,16,https://www.tiktok.com/@thehappydaycoshirt/video/7452745039404436766,
https://www.tiktok.com/@thehappydaycoshirt/video/7452027881275837727,ok,Downloaded_Audio/thehappydaycoshirt_7452027881275837727.mp3,Got too silly #sillygoose #silly #goose #funnymemes ,thehappydaycoshirt,7452027881275837727,18,https://www.tiktok.com/@thehappydaycoshirt/video/7452027881275837727,
https://www.tiktok.com/@thehappydaycoshirt/video/7451646837066386718,ok,Downloaded_Audio/thehappydaycoshirt_7451646837066386718.mp3,Wear a new sweater and read a new book ğŸ“–ğŸ“šğŸ«¶ğŸ» #fourthwing #bookish #boo...,thehappydaycoshirt,7451646837066386718,18,https://www.tiktok.com/@thehappydaycoshirt/video/7451646837066386718,
https://www.tiktok.com/@thehappydaycoshirt/video/7450886021434084639,ok,Downloaded_Audio/thehappydaycoshirt_7450886021434084639.mp3,Calling SJM fan ğŸ«¶ğŸ»ğŸ“–ğŸ“š #bookish #booktok #bookworm #fantasyromance #fan...,thehappydaycoshirt,7450886021434084639,21,https://www.tiktok.com/@thehappydaycoshirt/video/7450886021434084639,
https://www.tiktok.com/@thehappydaycoshirt/video/7450496322408287518,error,,,,,,,[0;31mERROR:[0m unable to download video data: HTTP Error 403: Forbidden
https://www.tiktok.com/@thehappydaycoshirt/video/7450164811435871519,ok,Downloaded_Audio/thehappydaycoshirt_7450164811435871519.mp3,Itâ€™s time to wear it ğŸ“šğŸ“– #fourthwing #bookish #booktok #bookworm #fant...,thehappydaycoshirt,7450164811435871519,15,https://www.tiktok.com/@thehappydaycoshirt/video/7450164811435871519,
https://www.tiktok.com/@thehappydaycoshirt/video/7449932798967696670,ok,Downloaded_Audio/thehappydaycoshirt_7449932798967696670.mp3,Calling SJM fan ğŸ“šğŸ“– #bookish #velaris #acotar #acotarseries #sjm #book...,thehappydaycoshirt,7449932798967696670,20,https://www.tiktok.com/@thehappydaycoshirt/video/7449932798967696670,
https://www.tiktok.com/@thehappydaycoshirt/video/7449770844978547998,ok,Downloaded_Audio/thehappydaycoshirt_7449770844978547998.mp3,Calling Fourth Wing fanğŸ“–ğŸ“š #fourthwing #bookish #booktok #bookworm #fa...,thehappydaycoshirt,7449770844978547998,19,https://www.tiktok.com/@thehappydaycoshirt/video/7449770844978547998,
https://www.tiktok.com/@thehappydaycoshirt/video/7449407894690270494,ok,Downloaded_Audio/thehappydaycoshirt_7449407894690270494.mp3,POV: Iâ€™ve found the cutest gift for my boyfriend ğŸ«¶ğŸ» #boyfriend #valen...,thehappydaycoshirt,7449407894690270494,12,https://www.tiktok.com/@thehappydaycoshirt/video/7449407894690270494,
https://www.tiktok.com/@thehappydaycoshirt/video/7449202435924479274,ok,Downloaded_Audio/thehappydaycoshirt_7449202435924479274.mp3,I need a diet coke ğŸ’•#dietcoke #girlfriend #valentine #valentinesday #...,thehappydaycoshirt,7449202435924479274,18,https://www.tiktok.com/@thehappydaycoshirt/video/7449202435924479274,
https://www.tiktok.com/@thehappydaycoshirt/video/7448683142296227102,ok,Downloaded_Audio/thehappydaycoshirt_7448683142296227102.mp3,Velaris fan gift ğŸ“–ğŸ“š #velaris #acotar #acotarseries #bookish #sjm #boo...,thehappydaycoshirt,7448683142296227102,15,https://www.tiktok.com/@thehappydaycoshirt/video/7448683142296227102,
https://www.tiktok.com/@thehappydaycoshirt/video/7448278597099375903,ok,Downloaded_Audio/thehappydaycoshirt_7448278597099375903.mp3,Last deal this Christmas ğŸ„ğŸ“–ğŸ“šâ„ï¸ #fourthwing #bookish #booktok #fantasy...,thehappydaycoshirt,7448278597099375903,13,https://www.tiktok.com/@thehappydaycoshirt/video/7448278597099375903,
https://www.tiktok.com/@thehappydaycoshirt/video/7447924890117704991,ok,Downloaded_Audio/thehappydaycoshirt_7447924890117704991.mp3,God says I am ğŸ€ #godsaysiam #christian #girly #coquette #bibleverse #...,thehappydaycoshirt,7447924890117704991,19,https://www.tiktok.com/@thehappydaycoshirt/video/7447924890117704991,
https://www.tiktok.com/@thehappydaycoshirt/video/7447721650138762526,ok,Downloaded_Audio/thehappydaycoshirt_7447721650138762526.mp3,Tag your soulmateğŸ«¶ğŸ» #hoodie #couplehoodies #couple #soulmate #boyfrie...,thehappydaycoshirt,7447721650138762526,15,https://www.tiktok.com/@thehappydaycoshirt/video/7447721650138762526,
https://www.tiktok.com/@thehappydaycoshirt/video/7447540946884971806,ok,Downloaded_Audio/thehappydaycoshirt_7447540946884971806.mp3,"Not only Christmas, itâ€™s also bookwormâ€™s season ğŸ“–ğŸ“š #booktok #bookish ...",thehappydaycoshirt,7447540946884971806,8,https://www.tiktok.com/@thehappydaycoshirt/video/7447540946884971806,
https://www.tiktok.com/@thehappydaycoshirt/video/7447172019390647582,ok,Downloaded_Audio/thehappydaycoshirt_7447172019390647582.mp3,Book Friends ğŸ“šğŸ“– #booktok #bookish #fantasyreader #fantasybooktok #sjm...,thehappydaycoshirt,7447172019390647582,16,https://www.tiktok.com/@thehappydaycoshirt/video/7447172019390647582,
https://www.tiktok.com/@thehappydaycoshirt/video/7446983632981396767,ok,Downloaded_Audio/thehappydaycoshirt_7446983632981396767.mp3,I am a girl who need a Diet Coke ğŸ«¶ğŸ»ğŸ’•ğŸ’— #dietcoke #girly #girlythings #...,thehappydaycoshirt,7446983632981396767,8,https://www.tiktok.com/@thehappydaycoshirt/video/7446983632981396767,
https://www.tiktok.com/@thehappydaycoshirt/video/7446821133061475615,ok,Downloaded_Audio/thehappydaycoshirt_7446821133061475615.mp3,Hurry up SJM fanğŸ«¶ğŸ»ğŸ“šğŸ“– #booktok #bookish #bookworm #fantasyreader #fant...,thehappydaycoshirt,7446821133061475615,15,https://www.tiktok.com/@thehappydaycoshirt/video/7446821133061475615,
https://www.tiktok.com/@thehappydaycoshirt/video/7446428804005825822,ok,Downloaded_Audio/thehappydaycoshirt_7446428804005825822.mp3,Best gift idea for Fourth Wing fanğŸ“šğŸ“– #fourthwing #booktok #bookish #f...,thehappydaycoshirt,7446428804005825822,18,https://www.tiktok.com/@thehappydaycoshirt/video/7446428804005825822,
https://www.tiktok.com/@thehappydaycoshirt/video/7446233120099061022,ok,Downloaded_Audio/thehappydaycoshirt_7446233120099061022.mp3,Calling Acotar fan ğŸ“šğŸ“– #sjm #velaris #acotar #booktok #sjmaas #bookwor...,thehappydaycoshirt,7446233120099061022,10,https://www.tiktok.com/@thehappydaycoshirt/video/7446233120099061022,
https://www.tiktok.com/@thehappydaycoshirt/video/7446080806440750367,ok,Downloaded_Audio/thehappydaycoshirt_7446080806440750367.mp3,Iâ€™m literally just a girl ğŸ’•ğŸ«¶ğŸ» #dietcoke #girly #girlpower #girlything...,thehappydaycoshirt,7446080806440750367,10,https://www.tiktok.com/@thehappydaycoshirt/video/7446080806440750367,
https://www.tiktok.com/@thehappydaycoshirt/video/7445705052746009886,ok,Downloaded_Audio/thehappydaycoshirt_7445705052746009886.mp3,"SJM fan, you need the basket ğŸ“šğŸ“– #sjm #velaris #acotar #booktok #sjmaa...",thehappydaycoshirt,7445705052746009886,13,https://www.tiktok.com/@thehappydaycoshirt/video/7445705052746009886,
https://www.tiktok.com/@thehappydaycoshirt/video/7445326519850814750,ok,Downloaded_Audio/thehappydaycoshirt_7445326519850814750.mp3,Welcome to the Night Court ğŸ“–ğŸ“š #velaris #acotar #booktok #sjm #sjmaas ...,thehappydaycoshirt,7445326519850814750,12,https://www.tiktok.com/@thehappydaycoshirt/video/7445326519850814750,
https://www.tiktok.com/@thehappydaycoshirt/video/7445107400949976351,ok,Downloaded_Audio/thehappydaycoshirt_7445107400949976351.mp3,You have the special package from Santaâ€™s delivery ğŸ…ğŸ¤°ğŸ¼ğŸ„â„ï¸ #pregnant #...,thehappydaycoshirt,7445107400949976351,16,https://www.tiktok.com/@thehappydaycoshirt/video/7445107400949976351,
https://www.tiktok.com/@thehappydaycoshirt/video/7444940793741184286,ok,Downloaded_Audio/thehappydaycoshirt_7444940793741184286.mp3,Wicked witcked ğŸ’—ğŸ’š #wicked #wickedmovie #musical #changeforgood #magic...,thehappydaycoshirt,7444940793741184286,9,https://www.tiktok.com/@thehappydaycoshirt/video/7444940793741184286,
https://www.tiktok.com/@thehappydaycoshirt/video/7444578263667658015,ok,Downloaded_Audio/thehappydaycoshirt_7444578263667658015.mp3,Best gift for Scooby fanğŸ„ #scooby #christmasgift #christmas #christma...,thehappydaycoshirt,7444578263667658015,10,https://www.tiktok.com/@thehappydaycoshirt/video/7444578263667658015,
https://www.tiktok.com/@thehappydaycoshirt/video/7444389510932188447,ok,Downloaded_Audio/thehappydaycoshirt_7444389510932188447.mp3,Fourth wing series collection ğŸ“šğŸ“– #booktok #fantasybooktok #bookclub #...,thehappydaycoshirt,7444389510932188447,19,https://www.tiktok.com/@thehappydaycoshirt/video/7444389510932188447,
https://www.tiktok.com/@thehappydaycoshirt/video/7444211731506695454,ok,Downloaded_Audio/thehappydaycoshirt_7444211731506695454.mp3,Calling SJM bookâ€™s fans ğŸ“–ğŸ“š #acotar #velaris #booktok #fantasybooktok ...,thehappydaycoshirt,7444211731506695454,18,https://www.tiktok.com/@thehappydaycoshirt/video/7444211731506695454,
https://www.tiktok.com/@thehappydaycoshirt/video/7443857215745690911,ok,Downloaded_Audio/thehappydaycoshirt_7443857215745690911.mp3,The new book will come out soonğŸ“šğŸ“–ğŸ«¶ğŸ»ğŸ¤— #fourthwing #violetsorrengail #o...,thehappydaycoshirt,7443857215745690911,15,https://www.tiktok.com/@thehappydaycoshirt/video/7443857215745690911,
https://www.tiktok.com/@thehappydaycoshirt/video/7443470994209000750,ok,Downloaded_Audio/thehappydaycoshirt_7443470994209000750.mp3,For the Fourth Wing fan ğŸ“–ğŸ’—ğŸ“šğŸ’• #fourthwing #violetsorrengail #fantasybo...,thehappydaycoshirt,7443470994209000750,16,https://www.tiktok.com/@thehappydaycoshirt/video/7443470994209000750,
https://www.tiktok.com/@thehappydaycoshirt/video/7443116628830866734,ok,Downloaded_Audio/thehappydaycoshirt_7443116628830866734.mp3,Itâ€™s Christmas ğŸ’•ğŸ„â„ï¸ğŸ’— #christmastiktok #christmascountdown #christmasg...,thehappydaycoshirt,7443116628830866734,15,https://www.tiktok.com/@thehappydaycoshirt/video/7443116628830866734,
https://www.tiktok.com/@thehappydaycoshirt/video/7442762070287732014,ok,Downloaded_Audio/thehappydaycoshirt_7442762070287732014.mp3,Best gift for Fourth Wing fan ğŸ“šğŸ“– #bookclub #fourthwing #onyx #booktok...,thehappydaycoshirt,7442762070287732014,18,https://www.tiktok.com/@thehappydaycoshirt/video/7442762070287732014,
https://www.tiktok.com/@thehappydaycoshirt/video/7442324611552775467,ok,Downloaded_Audio/thehappydaycoshirt_7442324611552775467.mp3,"I will not die today, I will save him ğŸ“– #bookclub #fourthwing #onyx #...",thehappydaycoshirt,7442324611552775467,16,https://www.tiktok.com/@thehappydaycoshirt/video/7442324611552775467,
https://www.tiktok.com/@thehappydaycoshirt/video/7442146004738297134,ok,Downloaded_Audio/thehappydaycoshirt_7442146004738297134.mp3,Fantasy books merch haulğŸ«¶ğŸ» #bookclub #booktok #booklover #bookish #on...,thehappydaycoshirt,7442146004738297134,14,https://www.tiktok.com/@thehappydaycoshirt/video/7442146004738297134,
https://www.tiktok.com/@thehappydaycoshirt/video/7441601562721406254,ok,Downloaded_Audio/thehappydaycoshirt_7441601562721406254.mp3,Itâ€™s supposed to be released soon ğŸ«¶ğŸ»ğŸ“–ğŸ’•ğŸ“š #bookclub #booktok #booklover...,thehappydaycoshirt,7441601562721406254,20,https://www.tiktok.com/@thehappydaycoshirt/video/7441601562721406254,
https://www.tiktok.com/@thehappydaycoshirt/video/7440850837636844846,ok,Downloaded_Audio/thehappydaycoshirt_7440850837636844846.mp3,My favorite snowman â„ï¸â›„ï¸ #snowman #frosty #christmas #christmasgift #...,thehappydaycoshirt,7440850837636844846,15,https://www.tiktok.com/@thehappydaycoshirt/video/7440850837636844846,
https://www.tiktok.com/@thehappydaycoshirt/video/7440509170995957038,ok,Downloaded_Audio/thehappydaycoshirt_7440509170995957038.mp3,POV: You got a special delivery from Santa ğŸ¼ğŸ¤°ğŸ’•ğŸ„ #christmastiktok #chr...,thehappydaycoshirt,7440509170995957038,15,https://www.tiktok.com/@thehappydaycoshirt/video/7440509170995957038,
https://www.tiktok.com/@thehappydaycoshirt/video/7440116743714164014,ok,Downloaded_Audio/thehappydaycoshirt_7440116743714164014.mp3,ğŸ“–ğŸ“–ğŸ“– #bookish #booklover #booktok #bookclub #christmastiktok #blackfri...,thehappydaycoshirt,7440116743714164014,18,https://www.tiktok.com/@thehappydaycoshirt/video/7440116743714164014,
https://www.tiktok.com/@thehappydaycoshirt/video/7439732401074359598,ok,Downloaded_Audio/thehappydaycoshirt_7439732401074359598.mp3,The best Christmas gift for HP famğŸ„ğŸª„ğŸ“š #hp #wizard #bookish #booklover...,thehappydaycoshirt,7439732401074359598,19,https://www.tiktok.com/@thehappydaycoshirt/video/7439732401074359598,
https://www.tiktok.com/@thehappydaycoshirt/video/7439372979634523434,ok,Downloaded_Audio/thehappydaycoshirt_7439372979634523434.mp3,Black Friday hauls ğŸ’•ğŸ„â„ï¸ #santa #christmas #christmasgift #christmasti...,thehappydaycoshirt,7439372979634523434,9,https://www.tiktok.com/@thehappydaycoshirt/video/7439372979634523434,
https://www.tiktok.com/@thehappydaycoshirt/video/7439178991564606766,ok,Downloaded_Audio/thehappydaycoshirt_7439178991564606766.mp3,Have a holly dolly Christmas ğŸ„ #santa #christmas #christmasgift #chri...,thehappydaycoshirt,7439178991564606766,12,https://www.tiktok.com/@thehappydaycoshirt/video/7439178991564606766,
https://www.tiktok.com/@thehappydaycoshirt/video/7439007083858513194,ok,Downloaded_Audio/thehappydaycoshirt_7439007083858513194.mp3,You have a special delivery from Santa ğŸ„â„ï¸ğŸ¼ğŸ¤°#newmom #parenting #paren...,thehappydaycoshirt,7439007083858513194,13,https://www.tiktok.com/@thehappydaycoshirt/video/7439007083858513194,
https://www.tiktok.com/@thehappydaycoshirt/video/7438643782133796139,ok,Downloaded_Audio/thehappydaycoshirt_7438643782133796139.mp3,Collection for fantasy book readers ğŸ“–ğŸ“š #fourthwing #bookish #onyx #fa...,thehappydaycoshirt,7438643782133796139,16,https://www.tiktok.com/@thehappydaycoshirt/video/7438643782133796139,
https://www.tiktok.com/@thehappydaycoshirt/video/7438278388197969195,ok,Downloaded_Audio/thehappydaycoshirt_7438278388197969195.mp3,Take me to the North Pole ğŸšâ„ï¸ğŸ»â€â„ï¸ #northpoleexpress #polarexpress #ch...,thehappydaycoshirt,7438278388197969195,15,https://www.tiktok.com/@thehappydaycoshirt/video/7438278388197969195,
https://www.tiktok.com/@thehappydaycoshirt/video/7437916922424921387,ok,Downloaded_Audio/thehappydaycoshirt_7437916922424921387.mp3,Ready to read a new book ğŸ“šğŸ“– #onyxstorm #booklover #onyx #fantasybookt...,thehappydaycoshirt,7437916922424921387,16,https://www.tiktok.com/@thehappydaycoshirt/video/7437916922424921387,
https://www.tiktok.com/@thehappydaycoshirt/video/7437686315497442603,ok,Downloaded_Audio/thehappydaycoshirt_7437686315497442603.mp3,Ready to be the best parents ğŸ’—ğŸ«¶ğŸ»â„ï¸ğŸ¤°ğŸ¼ #momtobe #dadtobe #christmasgift...,thehappydaycoshirt,7437686315497442603,15,https://www.tiktok.com/@thehappydaycoshirt/video/7437686315497442603,
https://www.tiktok.com/@thehappydaycoshirt/video/7437535546404048170,ok,Downloaded_Audio/thehappydaycoshirt_7437535546404048170.mp3,Welcome to the Fourth WingğŸ“–ğŸ“š #fourthwing #bookish #booktok #books #fa...,thehappydaycoshirt,7437535546404048170,16,https://www.tiktok.com/@thehappydaycoshirt/video/7437535546404048170,
https://www.tiktok.com/@thehappydaycoshirt/video/7437160809341439278,ok,Downloaded_Audio/thehappydaycoshirt_7437160809341439278.mp3,Take me to the North Pole â›„ï¸â„ï¸ğŸš #christmas #christmas2024 #christmasc...,thehappydaycoshirt,7437160809341439278,11,https://www.tiktok.com/@thehappydaycoshirt/video/7437160809341439278,
https://www.tiktok.com/@thehappydaycoshirt/video/7436958102316174638,ok,Downloaded_Audio/thehappydaycoshirt_7436958102316174638.mp3,Welcome to the North Pole â„ï¸ğŸš #christmas #christmas2024 #christmascou...,thehappydaycoshirt,7436958102316174638,8,https://www.tiktok.com/@thehappydaycoshirt/video/7436958102316174638,
https://www.tiktok.com/@thehappydaycoshirt/video/7436784603555253550,ok,Downloaded_Audio/thehappydaycoshirt_7436784603555253550.mp3,Girly Christmas ğŸ’• #christmas #christmas2024 #christmascountdown #pink...,thehappydaycoshirt,7436784603555253550,17,https://www.tiktok.com/@thehappydaycoshirt/video/7436784603555253550,
https://www.tiktok.com/@thehappydaycoshirt/video/7436577135801699627,ok,Downloaded_Audio/thehappydaycoshirt_7436577135801699627.mp3,Dragon book Christmas tree ğŸ„ğŸ“š #fourthwing #acotar #throneofglass #boo...,thehappydaycoshirt,7436577135801699627,9,https://www.tiktok.com/@thehappydaycoshirt/video/7436577135801699627,
https://www.tiktok.com/@thehappydaycoshirt/video/7436438608829091114,ok,Downloaded_Audio/thehappydaycoshirt_7436438608829091114.mp3,Replying to @Sarah For anyone who loves Fourthwing ğŸ“šğŸ“– #fourthwing #bo...,thehappydaycoshirt,7436438608829091114,17,https://www.tiktok.com/@thehappydaycoshirt/video/7436438608829091114,
https://www.tiktok.com/@thehappydaycoshirt/video/7436198617959910698,ok,Downloaded_Audio/thehappydaycoshirt_7436198617959910698.mp3,Welcome to fantasy book world ğŸ“šğŸ“– #fourthwing #bookish #booktok #fanta...,thehappydaycoshirt,7436198617959910698,17,https://www.tiktok.com/@thehappydaycoshirt/video/7436198617959910698,
https://www.tiktok.com/@thehappydaycoshirt/video/7436014589499690283,ok,Downloaded_Audio/thehappydaycoshirt_7436014589499690283.mp3,Girly Christmas ğŸ’•ğŸ’•ğŸ’• #santa #christmas #santaclaus #pinkchristmas #chr...,thehappydaycoshirt,7436014589499690283,12,https://www.tiktok.com/@thehappydaycoshirt/video/7436014589499690283,
https://www.tiktok.com/@thehappydaycoshirt/video/7435678585890983214,ok,Downloaded_Audio/thehappydaycoshirt_7435678585890983214.mp3,Iâ€™m fine ğŸ™‚ #christmas #imfine #everythingisfine #christmaslights #chr...,thehappydaycoshirt,7435678585890983214,12,https://www.tiktok.com/@thehappydaycoshirt/video/7435678585890983214,
https://www.tiktok.com/@thehappydaycoshirt/video/7435314278070078762,ok,Downloaded_Audio/thehappydaycoshirt_7435314278070078762.mp3,You might need these two sweaters this season ğŸ“šğŸ«¶ğŸ»ğŸ„â„ï¸ #fourthwing #boo...,thehappydaycoshirt,7435314278070078762,16,https://www.tiktok.com/@thehappydaycoshirt/video/7435314278070078762,
https://www.tiktok.com/@thehappydaycoshirt/video/7435098296697261355,ok,Downloaded_Audio/thehappydaycoshirt_7435098296697261355.mp3,Bring me back 90â€™s Christmas #christmas #christmas2024 ,thehappydaycoshirt,7435098296697261355,13,https://www.tiktok.com/@thehappydaycoshirt/video/7435098296697261355,
https://www.tiktok.com/@thehappydaycoshirt/video/7435097725374418219,ok,Downloaded_Audio/thehappydaycoshirt_7435097725374418219.mp3,Take me to 90â€™s Christmas ğŸ„ğŸ’—â„ï¸ #retro #christmas #christmastiktok #vi...,thehappydaycoshirt,7435097725374418219,17,https://www.tiktok.com/@thehappydaycoshirt/video/7435097725374418219,
https://www.tiktok.com/@thehappydaycoshirt/video/7434922130153786667,ok,Downloaded_Audio/thehappydaycoshirt_7434922130153786667.mp3,Canâ€™t wait for the new book ğŸ“š #bookish #booktok #fourthwing #bookworm...,thehappydaycoshirt,7434922130153786667,20,https://www.tiktok.com/@thehappydaycoshirt/video/7434922130153786667,
https://www.tiktok.com/@thehappydaycoshirt/video/7434724243755060522,ok,Downloaded_Audio/thehappydaycoshirt_7434724243755060522.mp3,All booked for Christmas this year ğŸ“šğŸ“šğŸ“šğŸ„ğŸ„ğŸ„ #christmas #christmas2024 #...,thehappydaycoshirt,7434724243755060522,16,https://www.tiktok.com/@thehappydaycoshirt/video/7434724243755060522,
https://www.tiktok.com/@thehappydaycoshirt/video/7434187415629188395,ok,Downloaded_Audio/thehappydaycoshirt_7434187415629188395.mp3,This song is the best for holidayğŸ˜‚ğŸ˜‚ #friends #phoebebuffay #monicagel...,thehappydaycoshirt,7434187415629188395,29,https://www.tiktok.com/@thehappydaycoshirt/video/7434187415629188395,
https://www.tiktok.com/@thehappydaycoshirt/video/7433793230702906670,ok,Downloaded_Audio/thehappydaycoshirt_7433793230702906670.mp3,Acotar or Throne of glass? #acotar #throneofglass #throneofglassserie...,thehappydaycoshirt,7433793230702906670,9,https://www.tiktok.com/@thehappydaycoshirt/video/7433793230702906670,
https://www.tiktok.com/@thehappydaycoshirt/video/7433604194684161322,ok,Downloaded_Audio/thehappydaycoshirt_7433604194684161322.mp3,God gave me the best present ever this Christmas ğŸ¤°ğŸ¼â„ï¸ğŸ„ğŸ«¶ğŸ» #pregnant #b...,thehappydaycoshirt,7433604194684161322,15,https://www.tiktok.com/@thehappydaycoshirt/video/7433604194684161322,
https://www.tiktok.com/@thehappydaycoshirt/video/7433228348597341482,ok,Downloaded_Audio/thehappydaycoshirt_7433228348597341482.mp3,Itâ€™s the most wonderful time of the year â„ï¸â„ï¸â„ï¸ #rudolph #rudolphther...,thehappydaycoshirt,7433228348597341482,22,https://www.tiktok.com/@thehappydaycoshirt/video/7433228348597341482,
https://www.tiktok.com/@thehappydaycoshirt/video/7433082936305503534,ok,Downloaded_Audio/thehappydaycoshirt_7433082936305503534.mp3,All I want for Christmas is my Baby ğŸ¤°ğŸ¼ğŸ«¶ğŸ»ğŸ„ #pregnant #pregnantlife #pr...,thehappydaycoshirt,7433082936305503534,8,https://www.tiktok.com/@thehappydaycoshirt/video/7433082936305503534,
https://www.tiktok.com/@thehappydaycoshirt/video/7432699367255067947,ok,Downloaded_Audio/thehappydaycoshirt_7432699367255067947.mp3,"99,9999% HP fan need it this Christmas ğŸ„â¤ï¸ğŸ’—â„ï¸ #hpfan #bookish #hptikt...",thehappydaycoshirt,7432699367255067947,16,https://www.tiktok.com/@thehappydaycoshirt/video/7432699367255067947,
https://www.tiktok.com/@thehappydaycoshirt/video/7432335204020178222,ok,Downloaded_Audio/thehappydaycoshirt_7432335204020178222.mp3,Throne of glass book tree ğŸ„ğŸ“š #fantasyreader #throneofglass #throneofg...,thehappydaycoshirt,7432335204020178222,11,https://www.tiktok.com/@thehappydaycoshirt/video/7432335204020178222,
https://www.tiktok.com/@thehappydaycoshirt/video/7432117703646940462,ok,Downloaded_Audio/thehappydaycoshirt_7432117703646940462.mp3,Itâ€™s a need for bookish this Christmas ğŸ’—ğŸ“š #bookish #booktok #bookworm...,thehappydaycoshirt,7432117703646940462,15,https://www.tiktok.com/@thehappydaycoshirt/video/7432117703646940462,
https://www.tiktok.com/@thehappydaycoshirt/video/7431972288968379690,ok,Downloaded_Audio/thehappydaycoshirt_7431972288968379690.mp3,Itâ€™s 55 days until Christmas ğŸ„ğŸ’•â„ï¸ğŸ’—â›„ï¸ #christmas #christmastok #christ...,thehappydaycoshirt,7431972288968379690,12,https://www.tiktok.com/@thehappydaycoshirt/video/7431972288968379690,
https://www.tiktok.com/@thehappydaycoshirt/video/7431590675013029163,ok,Downloaded_Audio/thehappydaycoshirt_7431590675013029163.mp3,90s kids love this movieğŸ„ğŸ«¶ğŸ» #rudolphtherednosereindeer #90skids #chri...,thehappydaycoshirt,7431590675013029163,14,https://www.tiktok.com/@thehappydaycoshirt/video/7431590675013029163,
https://www.tiktok.com/@thehappydaycoshirt/video/7431224864029035819,ok,Downloaded_Audio/thehappydaycoshirt_7431224864029035819.mp3,Rudolph the red nosed reindeer ğŸ„ğŸ«¶ğŸ»ğŸ¦Œâ„ï¸â›„ï¸ #christmasvibes #merrychristm...,thehappydaycoshirt,7431224864029035819,9,https://www.tiktok.com/@thehappydaycoshirt/video/7431224864029035819,
https://www.tiktok.com/@thehappydaycoshirt/video/7430864231500680490,ok,Downloaded_Audio/thehappydaycoshirt_7430864231500680490.mp3,Christmas is coming ğŸ„â„ï¸â›„ï¸ #christmasvibes #merrychristmas #christmast...,thehappydaycoshirt,7430864231500680490,10,https://www.tiktok.com/@thehappydaycoshirt/video/7430864231500680490,
https://www.tiktok.com/@thehappydaycoshirt/video/7430844304224013614,ok,Downloaded_Audio/thehappydaycoshirt_7430844304224013614.mp3,MERRY CHRISTMAS ğŸ„â„ï¸â›„ï¸  ,thehappydaycoshirt,7430844304224013614,9,https://www.tiktok.com/@thehappydaycoshirt/video/7430844304224013614,
https://www.tiktok.com/@thehappydaycoshirt/video/7430486014071819563,ok,Downloaded_Audio/thehappydaycoshirt_7430486014071819563.mp3,All I need for Christmas is Book ğŸ“šğŸ“–ğŸ„â„ï¸â›„ï¸ #ghostbook #bookish #booklov...,thehappydaycoshirt,7430486014071819563,10,https://www.tiktok.com/@thehappydaycoshirt/video/7430486014071819563,
https://www.tiktok.com/@thehappydaycoshirt/video/7430095595328572718,ok,Downloaded_Audio/thehappydaycoshirt_7430095595328572718.mp3,All you need for Christmas is this sweater ğŸ„â¤ï¸ #christmasvibes #chris...,thehappydaycoshirt,7430095595328572718,35,https://www.tiktok.com/@thehappydaycoshirt/video/7430095595328572718,
https://www.tiktok.com/@thehappydaycoshirt/video/7429893521450093867,ok,Downloaded_Audio/thehappydaycoshirt_7429893521450093867.mp3,"Rudolph red nosed reindeer ğŸ”´ğŸ¦ŒğŸ„if you love the movie, you need this ba...",thehappydaycoshirt,7429893521450093867,14,https://www.tiktok.com/@thehappydaycoshirt/video/7429893521450093867,
https://www.tiktok.com/@thehappydaycoshirt/video/7429710331624344878,ok,Downloaded_Audio/thehappydaycoshirt_7429710331624344878.mp3,Christmas vibes â¤ï¸ğŸ„â„ï¸â›„ï¸ #christmas #christmas2024 #christmascountdown...,thehappydaycoshirt,7429710331624344878,18,https://www.tiktok.com/@thehappydaycoshirt/video/7429710331624344878,
https://www.tiktok.com/@thehappydaycoshirt/video/7429524198348819754,ok,Downloaded_Audio/thehappydaycoshirt_7429524198348819754.mp3,Isnâ€™t it legendary?ğŸ„ğŸ”¥ #christmas #christmas2024 #christmascountdown #...,thehappydaycoshirt,7429524198348819754,20,https://www.tiktok.com/@thehappydaycoshirt/video/7429524198348819754,
https://www.tiktok.com/@thehappydaycoshirt/video/7429347172929359147,ok,Downloaded_Audio/thehappydaycoshirt_7429347172929359147.mp3,Pov: Iâ€™ve found the best sweater for Thanksgiving ğŸ¦ƒğŸˆ#friends #friends...,thehappydaycoshirt,7429347172929359147,19,https://www.tiktok.com/@thehappydaycoshirt/video/7429347172929359147,
https://www.tiktok.com/@thehappydaycoshirt/video/7429147859662114094,ok,Downloaded_Audio/thehappydaycoshirt_7429147859662114094.mp3,Take me to 90â€™s Christmas ğŸ„ğŸ«¶ğŸ» #rudolph #rudolphtherednosereindeer #ch...,thehappydaycoshirt,7429147859662114094,16,https://www.tiktok.com/@thehappydaycoshirt/video/7429147859662114094,
https://www.tiktok.com/@thehappydaycoshirt/video/7429000110425541931,ok,Downloaded_Audio/thehappydaycoshirt_7429000110425541931.mp3,Do you remember this episode? #friends #friendsgiving #thanksgiving #...,thehappydaycoshirt,7429000110425541931,17,https://www.tiktok.com/@thehappydaycoshirt/video/7429000110425541931,
https://www.tiktok.com/@thehappydaycoshirt/video/7428629280776670510,ok,Downloaded_Audio/thehappydaycoshirt_7428629280776670510.mp3,Merry Christmas â¤ï¸ #merrychristmas #christmas #christmas2024 #christm...,thehappydaycoshirt,7428629280776670510,18,https://www.tiktok.com/@thehappydaycoshirt/video/7428629280776670510,
https://www.tiktok.com/@thehappydaycoshirt/video/7428421525914635562,ok,Downloaded_Audio/thehappydaycoshirt_7428421525914635562.mp3,Girly Christmas ğŸ’—ğŸ’•ğŸ„â„ï¸ #christmas #christmas2024 #christmastiktok #chr...,thehappydaycoshirt,7428421525914635562,15,https://www.tiktok.com/@thehappydaycoshirt/video/7428421525914635562,
https://www.tiktok.com/@thehappydaycoshirt/video/7428232536939040043,ok,Downloaded_Audio/thehappydaycoshirt_7428232536939040043.mp3,POV: Iâ€™ve found the best Christmas gift for Acotar fan â›„ï¸ğŸ«¶ğŸ»ğŸ“š #christm...,thehappydaycoshirt,7428232536939040043,10,https://www.tiktok.com/@thehappydaycoshirt/video/7428232536939040043,
https://www.tiktok.com/@thehappydaycoshirt/video/7427839308838620459,ok,Downloaded_Audio/thehappydaycoshirt_7427839308838620459.mp3,Buy me a ticket to the North Pole ğŸšâ„ï¸â›„ï¸ #christmas #christmastiktok #...,thehappydaycoshirt,7427839308838620459,17,https://www.tiktok.com/@thehappydaycoshirt/video/7427839308838620459,
https://www.tiktok.com/@thehappydaycoshirt/video/7427536358312348974,ok,Downloaded_Audio/thehappydaycoshirt_7427536358312348974.mp3,Cookie for two ğŸªğŸª #pregnant #pregnancy #pregnantlife #christmas #momt...,thehappydaycoshirt,7427536358312348974,14,https://www.tiktok.com/@thehappydaycoshirt/video/7427536358312348974,
https://www.tiktok.com/@thehappydaycoshirt/video/7427300304711879979,ok,Downloaded_Audio/thehappydaycoshirt_7427300304711879979.mp3,Catch the train to the North Pole ğŸ»â€â„ï¸â„ï¸ #wintervibes #believe #polar...,thehappydaycoshirt,7427300304711879979,15,https://www.tiktok.com/@thehappydaycoshirt/video/7427300304711879979,
https://www.tiktok.com/@thehappydaycoshirt/video/7427156257414352171,ok,Downloaded_Audio/thehappydaycoshirt_7427156257414352171.mp3,Best Christmas gift for Fourth Wing lover ğŸ’•â›„ï¸ğŸ“š #fourthwing #snowman #...,thehappydaycoshirt,7427156257414352171,20,https://www.tiktok.com/@thehappydaycoshirt/video/7427156257414352171,
https://www.tiktok.com/@thehappydaycoshirt/video/7426921738203614507,ok,Downloaded_Audio/thehappydaycoshirt_7426921738203614507.mp3,I am going to catch the train to the North Pole ğŸšâ„ï¸â›„ï¸ğŸ»â€â„ï¸ #polarexpre...,thehappydaycoshirt,7426921738203614507,16,https://www.tiktok.com/@thehappydaycoshirt/video/7426921738203614507,
https://www.tiktok.com/@thehappydaycoshirt/video/7426790393678712106,ok,Downloaded_Audio/thehappydaycoshirt_7426790393678712106.mp3,All you need to get on the Polar Express ğŸ»â€â„ï¸ğŸšğŸš‚â„ï¸â›„ï¸ #polarexpress #be...,thehappydaycoshirt,7426790393678712106,15,https://www.tiktok.com/@thehappydaycoshirt/video/7426790393678712106,
https://www.tiktok.com/@thehappydaycoshirt/video/7426774830273416490,ok,Downloaded_Audio/thehappydaycoshirt_7426774830273416490.mp3,Calling Twin Moms to be ğŸ’•ğŸ¤°ğŸ¼ğŸ«¶ğŸ» #twinmom #twinsoftiktok #christmastikto...,thehappydaycoshirt,7426774830273416490,15,https://www.tiktok.com/@thehappydaycoshirt/video/7426774830273416490,
https://www.tiktok.com/@thehappydaycoshirt/video/7426552037585718570,ok,Downloaded_Audio/thehappydaycoshirt_7426552037585718570.mp3,Farm fresh Christmas Tree ğŸ„ğŸ„ğŸ„ #christmastiktok #christmasgift #christ...,thehappydaycoshirt,7426552037585718570,15,https://www.tiktok.com/@thehappydaycoshirt/video/7426552037585718570,
https://www.tiktok.com/@thehappydaycoshirt/video/7426415440852733226,ok,Downloaded_Audio/thehappydaycoshirt_7426415440852733226.mp3,Santa just send you the best Christmas gift very soon ğŸ„â„ï¸â›„ï¸ğŸ¼ğŸ¤° #pregna...,thehappydaycoshirt,7426415440852733226,16,https://www.tiktok.com/@thehappydaycoshirt/video/7426415440852733226,
https://www.tiktok.com/@thehappydaycoshirt/video/7426191400103841067,ok,Downloaded_Audio/thehappydaycoshirt_7426191400103841067.mp3,Iâ€™m dreaming of White Christmas â„ï¸â›„ï¸â›ªï¸ #whitechristmas #sistersister ...,thehappydaycoshirt,7426191400103841067,23,https://www.tiktok.com/@thehappydaycoshirt/video/7426191400103841067,
https://www.tiktok.com/@thehappydaycoshirt/video/7426025071183023390,ok,Downloaded_Audio/thehappydaycoshirt_7426025071183023390.mp3,"Fourth Wing fan, you need itğŸ”¥ğŸ”¥ğŸ”¥ğŸ“šğŸ„â›„ï¸â„ï¸ #fourthwing #bookish #booktok #...",thehappydaycoshirt,7426025071183023390,19,https://www.tiktok.com/@thehappydaycoshirt/video/7426025071183023390,
https://www.tiktok.com/@thehappydaycoshirt/video/7425685456580545838,ok,Downloaded_Audio/thehappydaycoshirt_7425685456580545838.mp3,Fourth Wing Christmas tree ğŸ„ğŸ“š #fourthwing #christmastree #christmasti...,thehappydaycoshirt,7425685456580545838,17,https://www.tiktok.com/@thehappydaycoshirt/video/7425685456580545838,
https://www.tiktok.com/@thehappydaycoshirt/video/7425658537516240171,ok,Downloaded_Audio/thehappydaycoshirt_7425658537516240171.mp3,"Santa, bring me back to 90â€™s Christmas ğŸ„â„ï¸ğŸ’• #santa #retrochristmas #c...",thehappydaycoshirt,7425658537516240171,20,https://www.tiktok.com/@thehappydaycoshirt/video/7425658537516240171,
https://www.tiktok.com/@thehappydaycoshirt/video/7425460728905223466,ok,Downloaded_Audio/thehappydaycoshirt_7425460728905223466.mp3,Snowman reading Acotar ğŸ“šâ›„ï¸ğŸ„â„ï¸ #acotar #acotarseries #acotartok #fanta...,thehappydaycoshirt,7425460728905223466,16,https://www.tiktok.com/@thehappydaycoshirt/video/7425460728905223466,
https://www.tiktok.com/@thehappydaycoshirt/video/7425279519151426859,ok,Downloaded_Audio/thehappydaycoshirt_7425279519151426859.mp3,Snowman reading Throne of glass series â›„ï¸ğŸ“š #fantasybooks #throneofgla...,thehappydaycoshirt,7425279519151426859,16,https://www.tiktok.com/@thehappydaycoshirt/video/7425279519151426859,
https://www.tiktok.com/@thehappydaycoshirt/video/7424927777821838638,ok,Downloaded_Audio/thehappydaycoshirt_7424927777821838638.mp3,Christmas is near ğŸ«¶ğŸ»ğŸ„ğŸ’—â„ï¸ #christmas #christmasbooktok #christmasgift ...,thehappydaycoshirt,7424927777821838638,14,https://www.tiktok.com/@thehappydaycoshirt/video/7424927777821838638,
https://www.tiktok.com/@thehappydaycoshirt/video/7424531969406438699,ok,Downloaded_Audio/thehappydaycoshirt_7424531969406438699.mp3,Christmas Acotar books tree ğŸ„ğŸ“šâ­ï¸â„ï¸ #acotar #fantasybooks #christmas #...,thehappydaycoshirt,7424531969406438699,11,https://www.tiktok.com/@thehappydaycoshirt/video/7424531969406438699,
https://www.tiktok.com/@thehappydaycoshirt/video/7424230597666721070,ok,Downloaded_Audio/thehappydaycoshirt_7424230597666721070.mp3,Fantasy book readers need this basket ğŸ§ºğŸ„ğŸ’—â„ï¸#acotar #throneofglass #fo...,thehappydaycoshirt,7424230597666721070,16,https://www.tiktok.com/@thehappydaycoshirt/video/7424230597666721070,
https://www.tiktok.com/@thehappydaycoshirt/video/7424166746610765098,ok,Downloaded_Audio/thehappydaycoshirt_7424166746610765098.mp3,Christmas gift for Throne of glass fan ğŸ“šğŸ„â„ï¸ğŸ’• #throneofglass #christma...,thehappydaycoshirt,7424166746610765098,18,https://www.tiktok.com/@thehappydaycoshirt/video/7424166746610765098,
https://www.tiktok.com/@thehappydaycoshirt/video/7423957187711503659,ok,Downloaded_Audio/thehappydaycoshirt_7423957187711503659.mp3,For you who have a gift from God this Christmas ğŸ¤°ğŸ’—ğŸ„â„ï¸ #christmasbaby ...,thehappydaycoshirt,7423957187711503659,18,https://www.tiktok.com/@thehappydaycoshirt/video/7423957187711503659,
https://www.tiktok.com/@thehappydaycoshirt/video/7423825335407594798,ok,Downloaded_Audio/thehappydaycoshirt_7423825335407594798.mp3,"Hi, I am the cutest Santa ğŸ’•ğŸ«¶ğŸ»ğŸ’— #christmassweater #christmas #christma...",thehappydaycoshirt,7423825335407594798,15,https://www.tiktok.com/@thehappydaycoshirt/video/7423825335407594798,
https://www.tiktok.com/@thehappydaycoshirt/video/7423594512473148718,ok,Downloaded_Audio/thehappydaycoshirt_7423594512473148718.mp3,Fourthwing or Acotar? Which one do you prefer? ğŸ„ğŸ“šğŸ“–ğŸ¤“ğŸ““â„ï¸ #fourthwing #a...,thehappydaycoshirt,7423594512473148718,18,https://www.tiktok.com/@thehappydaycoshirt/video/7423594512473148718,
https://www.tiktok.com/@thehappydaycoshirt/video/7423410032143797547,ok,Downloaded_Audio/thehappydaycoshirt_7423410032143797547.mp3,Calling all mums who have a little gift from God this Christmas ğŸ„ğŸ’• #c...,thehappydaycoshirt,7423410032143797547,15,https://www.tiktok.com/@thehappydaycoshirt/video/7423410032143797547,
https://www.tiktok.com/@thehappydaycoshirt/video/7423212109489589546,ok,Downloaded_Audio/thehappydaycoshirt_7423212109489589546.mp3,All you want for Christmas ğŸ«¶ğŸ»ğŸ„â›„ï¸â„ï¸ #christmas #christmas2024 #christm...,thehappydaycoshirt,7423212109489589546,16,https://www.tiktok.com/@thehappydaycoshirt/video/7423212109489589546,
https://www.tiktok.com/@thehappydaycoshirt/video/7423065831476661550,ok,Downloaded_Audio/thehappydaycoshirt_7423065831476661550.mp3,All Acotar girls want for Christmas is this sweater ğŸ“šğŸ„ #acotar #acota...,thehappydaycoshirt,7423065831476661550,18,https://www.tiktok.com/@thehappydaycoshirt/video/7423065831476661550,
https://www.tiktok.com/@thehappydaycoshirt/video/7422979868582776106,ok,Downloaded_Audio/thehappydaycoshirt_7422979868582776106.mp3,78 days until Christmas ğŸ’—ğŸ„â„ï¸â›„ï¸ #christmas #christmas2024 #christmasti...,thehappydaycoshirt,7422979868582776106,12,https://www.tiktok.com/@thehappydaycoshirt/video/7422979868582776106,
https://www.tiktok.com/@thehappydaycoshirt/video/7422758796373691694,ok,Downloaded_Audio/thehappydaycoshirt_7422758796373691694.mp3,My brain in October ğŸ„â„ï¸ğŸ§¤ğŸ…ğŸ§¶ğŸ§£â›„ï¸ #christmas #christmas2024 #christmastik...,thehappydaycoshirt,7422758796373691694,12,https://www.tiktok.com/@thehappydaycoshirt/video/7422758796373691694,
https://www.tiktok.com/@thehappydaycoshirt/video/7422688735021649194,ok,Downloaded_Audio/thehappydaycoshirt_7422688735021649194.mp3,Last deal for SJM fan ğŸƒğŸğŸ«¶ğŸ»ğŸ‘» #sjm #throneofglass #nightcourt #acotar #...,thehappydaycoshirt,7422688735021649194,12,https://www.tiktok.com/@thehappydaycoshirt/video/7422688735021649194,
https://www.tiktok.com/@thehappydaycoshirt/video/7422527856816737579,ok,Downloaded_Audio/thehappydaycoshirt_7422527856816737579.mp3,Booey for this Halloween â˜ºï¸ #halloweenlook #halloweencountdown #booey...,thehappydaycoshirt,7422527856816737579,14,https://www.tiktok.com/@thehappydaycoshirt/video/7422527856816737579,
https://www.tiktok.com/@thehappydaycoshirt/video/7422318673899113771,ok,Downloaded_Audio/thehappydaycoshirt_7422318673899113771.mp3,Christmas book tree for Fourth Wing fanğŸ„ğŸ“š #bookish #christmasbook #fo...,thehappydaycoshirt,7422318673899113771,14,https://www.tiktok.com/@thehappydaycoshirt/video/7422318673899113771,
https://www.tiktok.com/@thehappydaycoshirt/video/7422096345277680942,ok,Downloaded_Audio/thehappydaycoshirt_7422096345277680942.mp3,I love these winter boys ğŸ«¶ğŸ»â„ï¸ #thuglife #christmasmovie #christmasmov...,thehappydaycoshirt,7422096345277680942,14,https://www.tiktok.com/@thehappydaycoshirt/video/7422096345277680942,
https://www.tiktok.com/@thehappydaycoshirt/video/7421944060073594154,ok,Downloaded_Audio/thehappydaycoshirt_7421944060073594154.mp3,Thug Life - the boys of winter â„ï¸ğŸ„#thuglife #christmasmovie #christma...,thehappydaycoshirt,7421944060073594154,16,https://www.tiktok.com/@thehappydaycoshirt/video/7421944060073594154,
https://www.tiktok.com/@thehappydaycoshirt/video/7421738283266362666,ok,Downloaded_Audio/thehappydaycoshirt_7421738283266362666.mp3,POV: Iâ€™ve found the cutest Christmas sweatshirt ğŸ„ #christmas #christm...,thehappydaycoshirt,7421738283266362666,15,https://www.tiktok.com/@thehappydaycoshirt/video/7421738283266362666,
https://www.tiktok.com/@thehappydaycoshirt/video/7421579204774382891,ok,Downloaded_Audio/thehappydaycoshirt_7421579204774382891.mp3,Itâ€™s the most wonderful time of the year ğŸ„ #christmas #christmas2024 ...,thehappydaycoshirt,7421579204774382891,15,https://www.tiktok.com/@thehappydaycoshirt/video/7421579204774382891,
https://www.tiktok.com/@thehappydaycoshirt/video/7421363437961219371,ok,Downloaded_Audio/thehappydaycoshirt_7421363437961219371.mp3,"99,999% HP fans need them ğŸª„ğŸ“šğŸğŸ„ #wizard #hp #wizardingworld #wizards #...",thehappydaycoshirt,7421363437961219371,20,https://www.tiktok.com/@thehappydaycoshirt/video/7421363437961219371,
https://www.tiktok.com/@thehappydaycoshirt/video/7421181411073396014,ok,Downloaded_Audio/thehappydaycoshirt_7421181411073396014.mp3,Best gift for Fourth Wing fans ğŸ„ğŸ“š #fourthwingrebeccayarros #fourthwin...,thehappydaycoshirt,7421181411073396014,15,https://www.tiktok.com/@thehappydaycoshirt/video/7421181411073396014,
https://www.tiktok.com/@thehappydaycoshirt/video/7421000806767332650,ok,Downloaded_Audio/thehappydaycoshirt_7421000806767332650.mp3,Do you like this idea? #hp #wizard #wizardingworld #wizards #gnome #c...,thehappydaycoshirt,7421000806767332650,16,https://www.tiktok.com/@thehappydaycoshirt/video/7421000806767332650,
https://www.tiktok.com/@thehappydaycoshirt/video/7420829104041250091,ok,Downloaded_Audio/thehappydaycoshirt_7420829104041250091.mp3,LAST DEAL!!!!! HALLOWEEN IS HERE ğŸƒğŸ #scooby #halloweenlook #halloween...,thehappydaycoshirt,7420829104041250091,18,https://www.tiktok.com/@thehappydaycoshirt/video/7420829104041250091,
https://www.tiktok.com/@thehappydaycoshirt/video/7420614835810946350,ok,Downloaded_Audio/thehappydaycoshirt_7420614835810946350.mp3,Nightmare before Christmas ğŸƒğŸ„ #halloween2024 #christmas2024 #christma...,thehappydaycoshirt,7420614835810946350,15,https://www.tiktok.com/@thehappydaycoshirt/video/7420614835810946350,
https://www.tiktok.com/@thehappydaycoshirt/video/7420467372638653742,ok,Downloaded_Audio/thehappydaycoshirt_7420467372638653742.mp3,Jingle bells jingle bells ğŸ„ğŸ„ğŸ„#jinglebells #christmas #christmas2024 #...,thehappydaycoshirt,7420467372638653742,13,https://www.tiktok.com/@thehappydaycoshirt/video/7420467372638653742,
https://www.tiktok.com/@thehappydaycoshirt/video/7420256067789098283,ok,Downloaded_Audio/thehappydaycoshirt_7420256067789098283.mp3,HURRY UP GUYSğŸ”¥Itâ€™s HalloweenğŸƒğŸƒğŸƒğŸƒğŸƒ #wizard #wizardingworld #hpfan #hpt...,thehappydaycoshirt,7420256067789098283,12,https://www.tiktok.com/@thehappydaycoshirt/video/7420256067789098283,
https://www.tiktok.com/@thehappydaycoshirt/video/7420114045820472622,ok,Downloaded_Audio/thehappydaycoshirt_7420114045820472622.mp3,Growing a little pumpkin ğŸƒ #pumpkin #littlepumpkin #halloweenpregnanc...,thehappydaycoshirt,7420114045820472622,16,https://www.tiktok.com/@thehappydaycoshirt/video/7420114045820472622,
https://www.tiktok.com/@thehappydaycoshirt/video/7419689186141261098,ok,Downloaded_Audio/thehappydaycoshirt_7419689186141261098.mp3,This is my favorite Christmas treeğŸ„ğŸ’—#christmasgift #christmascountdow...,thehappydaycoshirt,7419689186141261098,14,https://www.tiktok.com/@thehappydaycoshirt/video/7419689186141261098,
https://www.tiktok.com/@thehappydaycoshirt/video/7419508269347097898,ok,Downloaded_Audio/thehappydaycoshirt_7419508269347097898.mp3,Nightmare before Christmas ğŸƒğŸ#nightmarebeforechristmas #nightmareonel...,thehappydaycoshirt,7419508269347097898,16,https://www.tiktok.com/@thehappydaycoshirt/video/7419508269347097898,
https://www.tiktok.com/@thehappydaycoshirt/video/7419354746810617131,ok,Downloaded_Audio/thehappydaycoshirt_7419354746810617131.mp3,ğŸ§™â€â™€ï¸ğŸ¥¹ğŸ«¶ğŸ» #wizard #booktok #bookish #hpfan #wizardingworld #halloween20...,thehappydaycoshirt,7419354746810617131,15,https://www.tiktok.com/@thehappydaycoshirt/video/7419354746810617131,
https://www.tiktok.com/@thehappydaycoshirt/video/7419134811278871854,ok,Downloaded_Audio/thehappydaycoshirt_7419134811278871854.mp3,Who remember the characters? ğŸ„#rudolphtherednosereindeer #rudolph #ru...,thehappydaycoshirt,7419134811278871854,13,https://www.tiktok.com/@thehappydaycoshirt/video/7419134811278871854,
https://www.tiktok.com/@thehappydaycoshirt/video/7418987778228161838,ok,Downloaded_Audio/thehappydaycoshirt_7418987778228161838.mp3,Another version of Hagrids Pumkin farm ğŸƒ #pumpkinseason #pumpkin #hal...,thehappydaycoshirt,7418987778228161838,14,https://www.tiktok.com/@thehappydaycoshirt/video/7418987778228161838,
https://www.tiktok.com/@thehappydaycoshirt/video/7418770347434102062,ok,Downloaded_Audio/thehappydaycoshirt_7418770347434102062.mp3,Throw back to 90s Halloween ğŸƒğŸ#scooby #halloween2024 #halloweensale #...,thehappydaycoshirt,7418770347434102062,16,https://www.tiktok.com/@thehappydaycoshirt/video/7418770347434102062,
https://www.tiktok.com/@thehappydaycoshirt/video/7418578759873318186,ok,Downloaded_Audio/thehappydaycoshirt_7418578759873318186.mp3,There are 3 months until Christmas ğŸ„ğŸ’— #cutechristmas #christmassweate...,thehappydaycoshirt,7418578759873318186,15,https://www.tiktok.com/@thehappydaycoshirt/video/7418578759873318186,
https://www.tiktok.com/@thehappydaycoshirt/video/7418392597179223338,ok,Downloaded_Audio/thehappydaycoshirt_7418392597179223338.mp3,Yayyy! Itâ€™s 3 months until Christmas ğŸ„ğŸ„ğŸ„ğŸ„ #rudolph #rudolphtherednose...,thehappydaycoshirt,7418392597179223338,20,https://www.tiktok.com/@thehappydaycoshirt/video/7418392597179223338,
https://www.tiktok.com/@thehappydaycoshirt/video/7418228389359684895,ok,Downloaded_Audio/thehappydaycoshirt_7418228389359684895.mp3,Born to be a witch ğŸ§™â€â™€ï¸ #witchtok #witchcraft #witch #halloweenlook #...,thehappydaycoshirt,7418228389359684895,14,https://www.tiktok.com/@thehappydaycoshirt/video/7418228389359684895,
https://www.tiktok.com/@thehappydaycoshirt/video/7418021409068256543,ok,Downloaded_Audio/thehappydaycoshirt_7418021409068256543.mp3,All you need for Christmas ğŸ„ğŸ„ğŸ„ #christmas #christmas2024 #christmassw...,thehappydaycoshirt,7418021409068256543,21,https://www.tiktok.com/@thehappydaycoshirt/video/7418021409068256543,
https://www.tiktok.com/@thehappydaycoshirt/video/7417878767407811871,ok,Downloaded_Audio/thehappydaycoshirt_7417878767407811871.mp3,Nightmare on main streetğŸ‘» A cute shirt for Halloween ğŸƒ #nightmare #cu...,thehappydaycoshirt,7417878767407811871,13,https://www.tiktok.com/@thehappydaycoshirt/video/7417878767407811871,
https://www.tiktok.com/@thehappydaycoshirt/video/7417640819370364191,ok,Downloaded_Audio/thehappydaycoshirt_7417640819370364191.mp3,All you want for Christmas ğŸ„ğŸ’— #christmas2024 #christmas #christmasswe...,thehappydaycoshirt,7417640819370364191,14,https://www.tiktok.com/@thehappydaycoshirt/video/7417640819370364191,
https://www.tiktok.com/@thehappydaycoshirt/video/7417124903494749470,ok,Downloaded_Audio/thehappydaycoshirt_7417124903494749470.mp3,Welcome to the Fourth Wing ğŸ‘»ğŸ“š #fourthwing #halloween #bookish #bookto...,thehappydaycoshirt,7417124903494749470,13,https://www.tiktok.com/@thehappydaycoshirt/video/7417124903494749470,
https://www.tiktok.com/@thehappydaycoshirt/video/7416904124379237663,error,,,,,,,[0;31mERROR:[0m unable to download video data: HTTP Error 403: Forbidden
https://www.tiktok.com/@thehappydaycoshirt/video/7416552572208565535,ok,Downloaded_Audio/thehappydaycoshirt_7416552572208565535.mp3,Back to 90s Halloween with a silly pumpkin head ğŸƒ #halloween2024 #90s...,thehappydaycoshirt,7416552572208565535,15,https://www.tiktok.com/@thehappydaycoshirt/video/7416552572208565535,
https://www.tiktok.com/@thehappydaycoshirt/video/7416372121502289182,ok,Downloaded_Audio/thehappydaycoshirt_7416372121502289182.mp3,There are 43 days until Halloween ğŸ˜±ğŸƒ #scooby #halloween2024 #hallowee...,thehappydaycoshirt,7416372121502289182,17,https://www.tiktok.com/@thehappydaycoshirt/video/7416372121502289182,
https://www.tiktok.com/@thehappydaycoshirt/video/7416162848721603870,error,,,,,,,[0;31mERROR:[0m unable to download video data: HTTP Error 403: Forbidden
https://www.tiktok.com/@thehappydaycoshirt/video/7415981633305644319,ok,Downloaded_Audio/thehappydaycoshirt_7415981633305644319.mp3,Let me bring you back to 90s Christmas ğŸ„â˜ƒï¸ğŸ…#christmas2024 #90schristm...,thehappydaycoshirt,7415981633305644319,16,https://www.tiktok.com/@thehappydaycoshirt/video/7415981633305644319,
https://www.tiktok.com/@thehappydaycoshirt/video/7415788640632163614,ok,Downloaded_Audio/thehappydaycoshirt_7415788640632163614.mp3,99 days until Christmas. Countdown to Christmas day with me ğŸ„ğŸ’—ğŸ«¶ğŸ» #chr...,thehappydaycoshirt,7415788640632163614,28,https://www.tiktok.com/@thehappydaycoshirt/video/7415788640632163614,
https://www.tiktok.com/@thehappydaycoshirt/video/7415601970574118175,ok,Downloaded_Audio/thehappydaycoshirt_7415601970574118175.mp3,Welcome to wizarding dreams ğŸª„ğŸ§™â€â™‚ï¸ğŸ§™ğŸ“š #hpfan #nationalforest #wizard #w...,thehappydaycoshirt,7415601970574118175,17,https://www.tiktok.com/@thehappydaycoshirt/video/7415601970574118175,
https://www.tiktok.com/@thehappydaycoshirt/video/7415247975867338014,ok,Downloaded_Audio/thehappydaycoshirt_7415247975867338014.mp3,Very mightful very demure verry scary ğŸƒğŸ€ #verydemure #halloween #hall...,thehappydaycoshirt,7415247975867338014,11,https://www.tiktok.com/@thehappydaycoshirt/video/7415247975867338014,
https://www.tiktok.com/@thehappydaycoshirt/video/7415046664790035743,ok,Downloaded_Audio/thehappydaycoshirt_7415046664790035743.mp3,Very demure very mindful ğŸ’—ğŸ€ #verydemure #halloween #halloween2024 #ha...,thehappydaycoshirt,7415046664790035743,13,https://www.tiktok.com/@thehappydaycoshirt/video/7415046664790035743,
https://www.tiktok.com/@thehappydaycoshirt/video/7414909797163748639,ok,Downloaded_Audio/thehappydaycoshirt_7414909797163748639.mp3,POV: Iâ€™ve found the best Christmas gift this yearğŸ„ğŸ’• #christmas2024 #c...,thehappydaycoshirt,7414909797163748639,16,https://www.tiktok.com/@thehappydaycoshirt/video/7414909797163748639,
https://www.tiktok.com/@thehappydaycoshirt/video/7414499128534699295,ok,Downloaded_Audio/thehappydaycoshirt_7414499128534699295.mp3,He is Halloween iconic ğŸƒğŸ˜† #dwight #pumpkinhead #halloweensweatshirt #...,thehappydaycoshirt,7414499128534699295,17,https://www.tiktok.com/@thehappydaycoshirt/video/7414499128534699295,
https://www.tiktok.com/@thehappydaycoshirt/video/7414135509108264223,ok,Downloaded_Audio/thehappydaycoshirt_7414135509108264223.mp3,"99,999% HP fan need this basket ğŸ«¶ğŸ»ğŸ“šğŸğŸƒ #hpfan #wizard #halloween2024 #...",thehappydaycoshirt,7414135509108264223,18,https://www.tiktok.com/@thehappydaycoshirt/video/7414135509108264223,
https://www.tiktok.com/@thehappydaycoshirt/video/7413774609213918494,ok,Downloaded_Audio/thehappydaycoshirt_7413774609213918494.mp3,Nightmare before Christmas ğŸƒ #nightmarebeforechristmas #sallyskelling...,thehappydaycoshirt,7413774609213918494,32,https://www.tiktok.com/@thehappydaycoshirt/video/7413774609213918494,
https://www.tiktok.com/@thehappydaycoshirt/video/7413578433524993310,ok,Downloaded_Audio/thehappydaycoshirt_7413578433524993310.mp3,Bring me back to 90s Halloween ğŸƒğŸ«¶ğŸ» #halloween #halloween2024 #scooby ...,thehappydaycoshirt,7413578433524993310,14,https://www.tiktok.com/@thehappydaycoshirt/video/7413578433524993310,
https://www.tiktok.com/@thehappydaycoshirt/video/7413406203499285791,ok,Downloaded_Audio/thehappydaycoshirt_7413406203499285791.mp3,Just waiting for Christmas ğŸ„ğŸ’—ğŸ’šğŸ¤¯â˜ƒï¸ #christmassweatshirt #christmascoun...,thehappydaycoshirt,7413406203499285791,14,https://www.tiktok.com/@thehappydaycoshirt/video/7413406203499285791,
https://www.tiktok.com/@thehappydaycoshirt/video/7413046232920149278,ok,Downloaded_Audio/thehappydaycoshirt_7413046232920149278.mp3,Calling HP fan ğŸ«¶ğŸ»ğŸ“šâ˜•ï¸ğŸƒ #wizard #hpfan #hptiktok #booktok #bookish #boo...,thehappydaycoshirt,7413046232920149278,18,https://www.tiktok.com/@thehappydaycoshirt/video/7413046232920149278,
https://www.tiktok.com/@thehappydaycoshirt/video/7412828120530603294,ok,Downloaded_Audio/thehappydaycoshirt_7412828120530603294.mp3,This is Halloween ğŸƒ #nightmarebeforechristmas  #halloween2024 #hallow...,thehappydaycoshirt,7412828120530603294,24,https://www.tiktok.com/@thehappydaycoshirt/video/7412828120530603294,
https://www.tiktok.com/@thehappydaycoshirt/video/7412678629471096094,ok,Downloaded_Audio/thehappydaycoshirt_7412678629471096094.mp3,Pumpkin Farm ğŸƒ  #wizard #hpfan #hptiktok #booktok #bookish #bookclub ...,thehappydaycoshirt,7412678629471096094,19,https://www.tiktok.com/@thehappydaycoshirt/video/7412678629471096094,
https://www.tiktok.com/@thehappydaycoshirt/video/7412271919954791711,ok,Downloaded_Audio/thehappydaycoshirt_7412271919954791711.mp3,Itâ€™s never too soon to prepare for Christmas ğŸ„ğŸ«¶ğŸ» #christmassweatshirt...,thehappydaycoshirt,7412271919954791711,17,https://www.tiktok.com/@thehappydaycoshirt/video/7412271919954791711,
https://www.tiktok.com/@thehappydaycoshirt/video/7411943584024300831,ok,Downloaded_Audio/thehappydaycoshirt_7411943584024300831.mp3,POV: Iâ€™ve found the best gift for HP fan ğŸ“šğŸ«¶ğŸ»ğŸ‘» #wizard #hpfan #hptikto...,thehappydaycoshirt,7411943584024300831,22,https://www.tiktok.com/@thehappydaycoshirt/video/7411943584024300831,
https://www.tiktok.com/@thehappydaycoshirt/video/7411716578108116255,ok,Downloaded_Audio/thehappydaycoshirt_7411716578108116255.mp3,"99,999% HP fan love it this Halloween ğŸ“šğŸƒğŸ‘» #wizard #hpfan #hptiktok #b...",thehappydaycoshirt,7411716578108116255,20,https://www.tiktok.com/@thehappydaycoshirt/video/7411716578108116255,
https://www.tiktok.com/@thehappydaycoshirt/video/7411520088420977951,ok,Downloaded_Audio/thehappydaycoshirt_7411520088420977951.mp3,Have holly dolly Christmas ğŸ«¶ğŸ»ğŸ„ #christmas2024 #christmas2024countdown...,thehappydaycoshirt,7411520088420977951,21,https://www.tiktok.com/@thehappydaycoshirt/video/7411520088420977951,
https://www.tiktok.com/@thehappydaycoshirt/video/7411162528018894110,ok,Downloaded_Audio/thehappydaycoshirt_7411162528018894110.mp3,"99,999% HP fan love these sweaters ğŸ“šğŸ‘» #hpfan #hptiktok #booktok #book...",thehappydaycoshirt,7411162528018894110,15,https://www.tiktok.com/@thehappydaycoshirt/video/7411162528018894110,
https://www.tiktok.com/@thehappydaycoshirt/video/7410968469740457247,ok,Downloaded_Audio/thehappydaycoshirt_7410968469740457247.mp3,Calling HP fanğŸ’•ğŸ’• #hpfan #hptiktok #booktok #bookish #wizard #bookclub...,thehappydaycoshirt,7410968469740457247,17,https://www.tiktok.com/@thehappydaycoshirt/video/7410968469740457247,
https://www.tiktok.com/@thehappydaycoshirt/video/7410791132348599583,ok,Downloaded_Audio/thehappydaycoshirt_7410791132348599583.mp3,"99,99% HP fans will need this sweatshirt ğŸƒğŸ“š#hpfan #hptiktok #booktok ...",thehappydaycoshirt,7410791132348599583,10,https://www.tiktok.com/@thehappydaycoshirt/video/7410791132348599583,
https://www.tiktok.com/@thehappydaycoshirt/video/7410413223796673823,ok,Downloaded_Audio/thehappydaycoshirt_7410413223796673823.mp3,Friends Christmas ğŸ„â„ï¸ğŸ«¶ğŸ» #christmas2024countdown #christmas2024 #frien...,thehappydaycoshirt,7410413223796673823,18,https://www.tiktok.com/@thehappydaycoshirt/video/7410413223796673823,
https://www.tiktok.com/@thehappydaycoshirt/video/7409871516604648735,ok,Downloaded_Audio/thehappydaycoshirt_7409871516604648735.mp3,Halloween Nugget Chickens ğŸ—ğŸƒ #nuggets #nuggetice #nugget #halloween20...,thehappydaycoshirt,7409871516604648735,17,https://www.tiktok.com/@thehappydaycoshirt/video/7409871516604648735,
https://www.tiktok.com/@thehappydaycoshirt/video/7408997020775517471,ok,Downloaded_Audio/thehappydaycoshirt_7408997020775517471.mp3,Itâ€™s a need for Christmas ğŸ„ğŸ’• #friendschristmas #christmas2024 #christ...,thehappydaycoshirt,7408997020775517471,31,https://www.tiktok.com/@thehappydaycoshirt/video/7408997020775517471,
https://www.tiktok.com/@thehappydaycoshirt/video/7408579249189178655,ok,Downloaded_Audio/thehappydaycoshirt_7408579249189178655.mp3,Comment your favorite book. I will make it ğŸ«¶ğŸ»ğŸ“š #onyxstorm #fourthwing...,thehappydaycoshirt,7408579249189178655,12,https://www.tiktok.com/@thehappydaycoshirt/video/7408579249189178655,
https://www.tiktok.com/@thehappydaycoshirt/video/7408368813562989854,ok,Downloaded_Audio/thehappydaycoshirt_7408368813562989854.mp3,Do you like Zombieland? #scooby #retrohalloween #halloween2024 #hallo...,thehappydaycoshirt,7408368813562989854,19,https://www.tiktok.com/@thehappydaycoshirt/video/7408368813562989854,
https://www.tiktok.com/@thehappydaycoshirt/video/7408217962542271774,ok,Downloaded_Audio/thehappydaycoshirt_7408217962542271774.mp3,Pink Christmas ğŸ’•ğŸ„ #christmassweatshirt #girlychristmas #pinkchristmas...,thehappydaycoshirt,7408217962542271774,17,https://www.tiktok.com/@thehappydaycoshirt/video/7408217962542271774,
https://www.tiktok.com/@thehappydaycoshirt/video/7408008441588895006,ok,Downloaded_Audio/thehappydaycoshirt_7408008441588895006.mp3,Rolling up some Christmas spirit ğŸ„ğŸ¤‘ #grinchmas #christmasspirit #chri...,thehappydaycoshirt,7408008441588895006,15,https://www.tiktok.com/@thehappydaycoshirt/video/7408008441588895006,
https://www.tiktok.com/@thehappydaycoshirt/video/7407828846940097823,ok,Downloaded_Audio/thehappydaycoshirt_7407828846940097823.mp3,POV: Iâ€™ve found the best Halloween shirt for Fourth Wing lovers ğŸ“šğŸ‘» #f...,thehappydaycoshirt,7407828846940097823,17,https://www.tiktok.com/@thehappydaycoshirt/video/7407828846940097823,
https://www.tiktok.com/@thehappydaycoshirt/video/7407437225002044702,ok,Downloaded_Audio/thehappydaycoshirt_7407437225002044702.mp3,Just woke up but I already miss Christmas ğŸ«¶ğŸ»ğŸ„ğŸ¥¹ #christmas2024ğŸ…ğŸ„ #frie...,thehappydaycoshirt,7407437225002044702,16,https://www.tiktok.com/@thehappydaycoshirt/video/7407437225002044702,
https://www.tiktok.com/@thehappydaycoshirt/video/7407266832970730783,ok,Downloaded_Audio/thehappydaycoshirt_7407266832970730783.mp3,You need this boxğŸƒğŸ‘» #scooby #ghostface #goosebumps #halloween2024 #ha...,thehappydaycoshirt,7407266832970730783,18,https://www.tiktok.com/@thehappydaycoshirt/video/7407266832970730783,
https://www.tiktok.com/@thehappydaycoshirt/video/7406734015828446494,ok,Downloaded_Audio/thehappydaycoshirt_7406734015828446494.mp3,Take me to bookstore ğŸ‘»ğŸ“š #fourthwing #bookish #booktiktok #fourthwingb...,thehappydaycoshirt,7406734015828446494,16,https://www.tiktok.com/@thehappydaycoshirt/video/7406734015828446494,
https://www.tiktok.com/@thehappydaycoshirt/video/7405981904048065822,ok,Downloaded_Audio/thehappydaycoshirt_7405981904048065822.mp3,Pink Christmas ğŸ’•ğŸ„ #grinchmas #christmas2024 #girlychristmas #pinkchri...,thehappydaycoshirt,7405981904048065822,22,https://www.tiktok.com/@thehappydaycoshirt/video/7405981904048065822,
https://www.tiktok.com/@thehappydaycoshirt/video/7405590677783907615,ok,Downloaded_Audio/thehappydaycoshirt_7405590677783907615.mp3,Waiting for the new book ğŸ“šğŸ‘»ğŸƒ #fourthwing #bookish #booktiktok #fourth...,thehappydaycoshirt,7405590677783907615,16,https://www.tiktok.com/@thehappydaycoshirt/video/7405590677783907615,
https://www.tiktok.com/@thehappydaycoshirt/video/7405224928863128863,ok,Downloaded_Audio/thehappydaycoshirt_7405224928863128863.mp3,Replying to @Ashley Jackson GET IT NOW BEFORE THE DEAL ENDED ğŸ“šğŸğŸ‘» #fou...,thehappydaycoshirt,7405224928863128863,11,https://www.tiktok.com/@thehappydaycoshirt/video/7405224928863128863,
https://www.tiktok.com/@thehappydaycoshirt/video/7404871045494131999,ok,Downloaded_Audio/thehappydaycoshirt_7404871045494131999.mp3,Itâ€™s never too soon to prepare for Christmas ğŸ„ #christmassweatshirt #...,thehappydaycoshirt,7404871045494131999,34,https://www.tiktok.com/@thehappydaycoshirt/video/7404871045494131999,
https://www.tiktok.com/@thehappydaycoshirt/video/7404667889174793502,ok,Downloaded_Audio/thehappydaycoshirt_7404667889174793502.mp3,Fantasy book lover will love this box ğŸ’•ğŸğŸƒğŸ‘»ğŸ“š #fourthwing #acotarseries...,thehappydaycoshirt,7404667889174793502,12,https://www.tiktok.com/@thehappydaycoshirt/video/7404667889174793502,
https://www.tiktok.com/@thehappydaycoshirt/video/7403918281993735455,ok,Downloaded_Audio/thehappydaycoshirt_7403918281993735455.mp3,Best gift for Fourth Wing fan this Halloween ğŸƒ ğŸ‘» #fourthwing #ghostbo...,thehappydaycoshirt,7403918281993735455,19,https://www.tiktok.com/@thehappydaycoshirt/video/7403918281993735455,
https://www.tiktok.com/@thehappydaycoshirt/video/7403757095360777502,ok,Downloaded_Audio/thehappydaycoshirt_7403757095360777502.mp3,Christmas 2024 countdown with this Green man ğŸ„ğŸ’š#grinchmas #grinchchri...,thehappydaycoshirt,7403757095360777502,20,https://www.tiktok.com/@thehappydaycoshirt/video/7403757095360777502,
https://www.tiktok.com/@thehappydaycoshirt/video/7403386909826796831,ok,Downloaded_Audio/thehappydaycoshirt_7403386909826796831.mp3,Ghostface fan callingğŸ«¶ğŸ»ğŸ«¶ğŸ»ğŸ«¶ğŸ» #ghostface #scream #vintagehalloween #gho...,thehappydaycoshirt,7403386909826796831,10,https://www.tiktok.com/@thehappydaycoshirt/video/7403386909826796831,
https://www.tiktok.com/@thehappydaycoshirt/video/7403197685810892063,ok,Downloaded_Audio/thehappydaycoshirt_7403197685810892063.mp3,Itâ€™s never too soon to prepare for Christmas ğŸ„ğŸ„ğŸ„ #christmasmovies #ch...,thehappydaycoshirt,7403197685810892063,14,https://www.tiktok.com/@thehappydaycoshirt/video/7403197685810892063,
https://www.tiktok.com/@thehappydaycoshirt/video/7402822508224843039,ok,Downloaded_Audio/thehappydaycoshirt_7402822508224843039.mp3,Nightmare on main street #cuteghost #spookyseason #spookytreats #magi...,thehappydaycoshirt,7402822508224843039,14,https://www.tiktok.com/@thehappydaycoshirt/video/7402822508224843039,
https://www.tiktok.com/@thehappydaycoshirt/video/7402639985469410590,ok,Downloaded_Audio/thehappydaycoshirt_7402639985469410590.mp3,Grinch My Day ğŸ„ #grinchmas #grinchchristmas #grinchtiktok #christmass...,thehappydaycoshirt,7402639985469410590,16,https://www.tiktok.com/@thehappydaycoshirt/video/7402639985469410590,
https://www.tiktok.com/@thehappydaycoshirt/video/7402448966937365791,ok,Downloaded_Audio/thehappydaycoshirt_7402448966937365791.mp3,Who loves these bad boy? ğŸ”ªğŸ #scarymovie #halloweenishere #halloween20...,thehappydaycoshirt,7402448966937365791,22,https://www.tiktok.com/@thehappydaycoshirt/video/7402448966937365791,
https://www.tiktok.com/@thehappydaycoshirt/video/7402281311559322910,ok,Downloaded_Audio/thehappydaycoshirt_7402281311559322910.mp3,Pov: Iâ€™ve found the funniest Halloween sweatshirt #theressomehorrorsi...,thehappydaycoshirt,7402281311559322910,20,https://www.tiktok.com/@thehappydaycoshirt/video/7402281311559322910,
https://www.tiktok.com/@thehappydaycoshirt/video/7402066304695373087,ok,Downloaded_Audio/thehappydaycoshirt_7402066304695373087.mp3,Back to 90s Halloween #scooby #scoobydoo #retrohalloween #halloween #...,thehappydaycoshirt,7402066304695373087,16,https://www.tiktok.com/@thehappydaycoshirt/video/7402066304695373087,
https://www.tiktok.com/@thehappydaycoshirt/video/7401582710713552158,ok,Downloaded_Audio/thehappydaycoshirt_7401582710713552158.mp3,I miss Christmas ğŸ„ #grinchchristmas #christmas2024 #grinchmas #chirst...,thehappydaycoshirt,7401582710713552158,14,https://www.tiktok.com/@thehappydaycoshirt/video/7401582710713552158,
https://www.tiktok.com/@thehappydaycoshirt/video/7401161902375652639,ok,Downloaded_Audio/thehappydaycoshirt_7401161902375652639.mp3,Grinch lover ğŸ«¶ğŸ» #grinchchristmas #christmas2024 #grinchmas #chirstmas...,thehappydaycoshirt,7401161902375652639,15,https://www.tiktok.com/@thehappydaycoshirt/video/7401161902375652639,
https://www.tiktok.com/@thehappydaycoshirt/video/7400958326302985502,ok,Downloaded_Audio/thehappydaycoshirt_7400958326302985502.mp3,It never gets old ğŸƒ#halloween #90shalloween #retrohalloween #hallowee...,thehappydaycoshirt,7400958326302985502,19,https://www.tiktok.com/@thehappydaycoshirt/video/7400958326302985502,
https://www.tiktok.com/@thehappydaycoshirt/video/7400763618049936670,ok,Downloaded_Audio/thehappydaycoshirt_7400763618049936670.mp3,Thereâ€™s some horrors in this house ğŸƒ #halloween #90shalloween #horror...,thehappydaycoshirt,7400763618049936670,18,https://www.tiktok.com/@thehappydaycoshirt/video/7400763618049936670,
https://www.tiktok.com/@thehappydaycoshirt/video/7400591337667497262,ok,Downloaded_Audio/thehappydaycoshirt_7400591337667497262.mp3,Itâ€™s never too soon to prepare for Christmas â„ï¸ğŸ„â˜ƒï¸ #grinchchristmas #...,thehappydaycoshirt,7400591337667497262,19,https://www.tiktok.com/@thehappydaycoshirt/video/7400591337667497262,
https://www.tiktok.com/@thehappydaycoshirt/video/7400404344002071839,ok,Downloaded_Audio/thehappydaycoshirt_7400404344002071839.mp3,Ghostface haul ğŸƒğŸ‘» #ghostface #scream #halloween #halloween2024 #90sha...,thehappydaycoshirt,7400404344002071839,11,https://www.tiktok.com/@thehappydaycoshirt/video/7400404344002071839,
https://www.tiktok.com/@thehappydaycoshirt/video/7399659312651472159,ok,Downloaded_Audio/thehappydaycoshirt_7399659312651472159.mp3,Start a new week with Christmas vibesğŸ„â„ï¸â˜ƒï¸ #grinchchristmas #grinchma...,thehappydaycoshirt,7399659312651472159,13,https://www.tiktok.com/@thehappydaycoshirt/video/7399659312651472159,
https://www.tiktok.com/@thehappydaycoshirt/video/7399468443713490206,ok,Downloaded_Audio/thehappydaycoshirt_7399468443713490206.mp3,Ghost reading book ğŸ“šğŸ‘» #ghostbook #bookish #booktoker #halloween2024 #...,thehappydaycoshirt,7399468443713490206,14,https://www.tiktok.com/@thehappydaycoshirt/video/7399468443713490206,
https://www.tiktok.com/@thehappydaycoshirt/video/7399318246584798495,ok,Downloaded_Audio/thehappydaycoshirt_7399318246584798495.mp3,Book lovers need them this Halloween #ghostbook #acotar #throneofglas...,thehappydaycoshirt,7399318246584798495,20,https://www.tiktok.com/@thehappydaycoshirt/video/7399318246584798495,
https://www.tiktok.com/@thehappydaycoshirt/video/7398944196524100894,ok,Downloaded_Audio/thehappydaycoshirt_7398944196524100894.mp3,I got a rock #trickortreats #90shalloween #retrohalloween #halloween ...,thehappydaycoshirt,7398944196524100894,16,https://www.tiktok.com/@thehappydaycoshirt/video/7398944196524100894,
https://www.tiktok.com/@thehappydaycoshirt/video/7398583836898004255,error,,,,,,,[0;31mERROR:[0m unable to download video data: HTTP Error 403: Forbidden
https://www.tiktok.com/@thehappydaycoshirt/video/7397973218973256991,ok,Downloaded_Audio/thehappydaycoshirt_7397973218973256991.mp3,Zombie land #scoobydoo #zombie #halloween #halloweenishere #,thehappydaycoshirt,7397973218973256991,23,https://www.tiktok.com/@thehappydaycoshirt/video/7397973218973256991,
https://www.tiktok.com/@thehappydaycoshirt/video/7397617249844038943,ok,Downloaded_Audio/thehappydaycoshirt_7397617249844038943.mp3,They are the bestğŸ’•ğŸƒ #scoobydoo #zombie #halloween #halloweenishere #m...,thehappydaycoshirt,7397617249844038943,18,https://www.tiktok.com/@thehappydaycoshirt/video/7397617249844038943,
https://www.tiktok.com/@thehappydaycoshirt/video/7397448884508724510,ok,Downloaded_Audio/thehappydaycoshirt_7397448884508724510.mp3,5 months more and ğŸ„ğŸ’•ğŸ…â„ï¸â˜ƒï¸ğŸ¦ğŸ§£ğŸ§¤ğŸŒ¨#grinchchristmascountdown #grinchmas2024...,thehappydaycoshirt,7397448884508724510,14,https://www.tiktok.com/@thehappydaycoshirt/video/7397448884508724510,
https://www.tiktok.com/@thehappydaycoshirt/video/7397244389996629278,ok,Downloaded_Audio/thehappydaycoshirt_7397244389996629278.mp3,95 days to go until Halloween ğŸƒğŸƒğŸƒ #halloween2024 #halloweenishere #sp...,thehappydaycoshirt,7397244389996629278,11,https://www.tiktok.com/@thehappydaycoshirt/video/7397244389996629278,
https://www.tiktok.com/@thehappydaycoshirt/video/7395973138791632158,ok,Downloaded_Audio/thehappydaycoshirt_7395973138791632158.mp3,Funniest pumpkin head ğŸƒğŸ˜‚ #pumkinhead #ghost #pumkin #spookyseason #fa...,thehappydaycoshirt,7395973138791632158,18,https://www.tiktok.com/@thehappydaycoshirt/video/7395973138791632158,
https://www.tiktok.com/@thehappydaycoshirt/video/7395748383593450782,ok,Downloaded_Audio/thehappydaycoshirt_7395748383593450782.mp3,POV: there are 152 days to go until Christmas. Our Christmas Countdow...,thehappydaycoshirt,7395748383593450782,17,https://www.tiktok.com/@thehappydaycoshirt/video/7395748383593450782,
https://www.tiktok.com/@thehappydaycoshirt/video/7395612962779712799,ok,Downloaded_Audio/thehappydaycoshirt_7395612962779712799.mp3,Spooky season is almost here ğŸƒ#ghostface #scream #horrormovies #scoob...,thehappydaycoshirt,7395612962779712799,13,https://www.tiktok.com/@thehappydaycoshirt/video/7395612962779712799,
https://www.tiktok.com/@thehappydaycoshirt/video/7394881543010897182,ok,Downloaded_Audio/thehappydaycoshirt_7394881543010897182.mp3,Ghost reading in ğŸ•ğŸƒğŸ‘» #ghostbook #halloweenbooks #bookish #booktoker #...,thehappydaycoshirt,7394881543010897182,13,https://www.tiktok.com/@thehappydaycoshirt/video/7394881543010897182,
https://www.tiktok.com/@thehappydaycoshirt/video/7394281649984343326,ok,Downloaded_Audio/thehappydaycoshirt_7394281649984343326.mp3,You need this box for Halloween ğŸƒ #scooby #scoobydoo #ghostface #horr...,thehappydaycoshirt,7394281649984343326,9,https://www.tiktok.com/@thehappydaycoshirt/video/7394281649984343326,
https://www.tiktok.com/@thehappydaycoshirt/video/7393543363187789087,ok,Downloaded_Audio/thehappydaycoshirt_7393543363187789087.mp3,Scooby lover ğŸƒ #scooby #scoobydoo #halloween2024 #horrormovie #scarym...,thehappydaycoshirt,7393543363187789087,14,https://www.tiktok.com/@thehappydaycoshirt/video/7393543363187789087,
https://www.tiktok.com/@thehappydaycoshirt/video/7393151185215180063,ok,Downloaded_Audio/thehappydaycoshirt_7393151185215180063.mp3,You need it for Hallowwen nightğŸƒ#snoopy #snoopyhalloween #snoopyhaul ...,thehappydaycoshirt,7393151185215180063,14,https://www.tiktok.com/@thehappydaycoshirt/video/7393151185215180063,
https://www.tiktok.com/@thehappydaycoshirt/video/7392612836683386143,ok,Downloaded_Audio/thehappydaycoshirt_7392612836683386143.mp3,Snoopy Halloween #snoopy #snoopyhalloween #snoopyhaul #charliebrown #...,thehappydaycoshirt,7392612836683386143,14,https://www.tiktok.com/@thehappydaycoshirt/video/7392612836683386143,
https://www.tiktok.com/@thehappydaycoshirt/video/7391499594015755551,ok,Downloaded_Audio/thehappydaycoshirt_7391499594015755551.mp3,Scooby loverğŸ˜ #scooby #scoobydoo #halloweencountdown2024 #horrormovie ,thehappydaycoshirt,7391499594015755551,11,https://www.tiktok.com/@thehappydaycoshirt/video/7391499594015755551,
https://www.tiktok.com/@thehappydaycoshirt/video/7390775362218724638,ok,Downloaded_Audio/thehappydaycoshirt_7390775362218724638.mp3,Throne of glass ghosts ğŸ‘» #throneofglass #throneofglassseries #acotar ...,thehappydaycoshirt,7390775362218724638,12,https://www.tiktok.com/@thehappydaycoshirt/video/7390775362218724638,
https://www.tiktok.com/@thehappydaycoshirt/video/7390026602232466718,ok,Downloaded_Audio/thehappydaycoshirt_7390026602232466718.mp3,Best Horror Movies ever ğŸƒğŸ‘» #horrormovie #horrorfan #horrortok #scarym...,thehappydaycoshirt,7390026602232466718,14,https://www.tiktok.com/@thehappydaycoshirt/video/7390026602232466718,
https://www.tiktok.com/@thehappydaycoshirt/video/7389654536362790175,ok,Downloaded_Audio/thehappydaycoshirt_7389654536362790175.mp3,SJM fan calling ğŸ“šğŸ‘»ğŸƒ #acotar #throneofglass #throneofglassseries #acot...,thehappydaycoshirt,7389654536362790175,12,https://www.tiktok.com/@thehappydaycoshirt/video/7389654536362790175,
https://www.tiktok.com/@thehappydaycoshirt/video/7389276299019177247,ok,Downloaded_Audio/thehappydaycoshirt_7389276299019177247.mp3,Replying to @Gracie Tate Throne of glass version ghosts #throneofglas...,thehappydaycoshirt,7389276299019177247,12,https://www.tiktok.com/@thehappydaycoshirt/video/7389276299019177247,
https://www.tiktok.com/@thehappydaycoshirt/video/7388700644338699551,ok,Downloaded_Audio/thehappydaycoshirt_7388700644338699551.mp3,Let me know which book series you want. I will custom it â˜ºï¸#ghostbook...,thehappydaycoshirt,7388700644338699551,9,https://www.tiktok.com/@thehappydaycoshirt/video/7388700644338699551,
https://www.tiktok.com/@thehappydaycoshirt/video/7388556614174919966,ok,Downloaded_Audio/thehappydaycoshirt_7388556614174919966.mp3,Welcome to SJM book paradise ğŸ‘»ğŸ“š #ghostbook #acotar #bookish #throneof...,thehappydaycoshirt,7388556614174919966,9,https://www.tiktok.com/@thehappydaycoshirt/video/7388556614174919966,
https://www.tiktok.com/@thehappydaycoshirt/video/7388360246575631646,ok,Downloaded_Audio/thehappydaycoshirt_7388360246575631646.mp3,Acotar ghost ğŸ‘»ğŸ“š#ghostbook #acotar #bookish #throneofglass #sjm #sjmaa...,thehappydaycoshirt,7388360246575631646,11,https://www.tiktok.com/@thehappydaycoshirt/video/7388360246575631646,
https://www.tiktok.com/@thehappydaycoshirt/video/7387808502858779935,ok,Downloaded_Audio/thehappydaycoshirt_7387808502858779935.mp3,Bookish need these shirt for Halloween  #bookish #ghostbook #hallowee...,thehappydaycoshirt,7387808502858779935,11,https://www.tiktok.com/@thehappydaycoshirt/video/7387808502858779935,
https://www.tiktok.com/@thehappydaycoshirt/video/7387244196429679903,ok,Downloaded_Audio/thehappydaycoshirt_7387244196429679903.mp3,Do you like scary movie? ğŸ¿ ğŸ˜±#horrormovie #scarymovie #halloweenlook #...,thehappydaycoshirt,7387244196429679903,20,https://www.tiktok.com/@thehappydaycoshirt/video/7387244196429679903,
https://www.tiktok.com/@thehappydaycoshirt/video/7387244196429679903,ok,Downloaded_Audio/thehappydaycoshirt_7387244196429679903.mp3,Do you like scary movie? ğŸ¿ ğŸ˜±#horrormovie #scarymovie #halloweenlook #...,thehappydaycoshirt,7387244196429679903,20,https://www.tiktok.com/@thehappydaycoshirt/video/7387244196429679903,
https://www.tiktok.com/@thehappydaycoshirt/video/7387081063765495071,ok,Downloaded_Audio/thehappydaycoshirt_7387081063765495071.mp3,Everyday is Halloween with these guys ğŸ”¥ğŸƒğŸ #horrormovie #ghostface #ha...,thehappydaycoshirt,7387081063765495071,15,https://www.tiktok.com/@thehappydaycoshirt/video/7387081063765495071,
https://www.tiktok.com/@thehappydaycoshirt/video/7386702367216979230,ok,Downloaded_Audio/thehappydaycoshirt_7386702367216979230.mp3,Scooby ğŸƒğŸ #scoobydoo #summerween2024 #summerween #halloween #hallowee...,thehappydaycoshirt,7386702367216979230,13,https://www.tiktok.com/@thehappydaycoshirt/video/7386702367216979230,
https://www.tiktok.com/@thehappydaycoshirt/video/7386475337816837406,ok,Downloaded_Audio/thehappydaycoshirt_7386475337816837406.mp3,Back to 90s Halloweentown #halloween #halloweentown #halloweenlook #f...,thehappydaycoshirt,7386475337816837406,16,https://www.tiktok.com/@thehappydaycoshirt/video/7386475337816837406,
https://www.tiktok.com/@thehappydaycoshirt/video/7386259232787582238,ok,Downloaded_Audio/thehappydaycoshirt_7386259232787582238.mp3,Can we skip to Holiday season? #grinch #christmas2024 #christmascount...,thehappydaycoshirt,7386259232787582238,21,https://www.tiktok.com/@thehappydaycoshirt/video/7386259232787582238,
https://www.tiktok.com/@thehappydaycoshirt/video/7385605036652383519,ok,Downloaded_Audio/thehappydaycoshirt_7385605036652383519.mp3,Summerween ğŸƒğŸƒğŸƒ #summerween #halloween #halloweenfriends #horrormovie ...,thehappydaycoshirt,7385605036652383519,9,https://www.tiktok.com/@thehappydaycoshirt/video/7385605036652383519,
https://www.tiktok.com/@thehappydaycoshirt/video/7385195497264401710,ok,Downloaded_Audio/thehappydaycoshirt_7385195497264401710.mp3,Horror movie Friends #summerween #halloween #halloweenfriends #horror...,thehappydaycoshirt,7385195497264401710,33,https://www.tiktok.com/@thehappydaycoshirt/video/7385195497264401710,
https://www.tiktok.com/@thehappydaycoshirt/video/7384834879017553195,error,,,,,,,[0;31mERROR:[0m unable to download video data: HTTP Error 403: Forbidden
https://www.tiktok.com/@thehappydaycoshirt/video/7384475668312100138,ok,Downloaded_Audio/thehappydaycoshirt_7384475668312100138.mp3,Missing 90s Halloween movie #90shalloween #retrohalloween #scoobydoo ...,thehappydaycoshirt,7384475668312100138,9,https://www.tiktok.com/@thehappydaycoshirt/video/7384475668312100138,
https://www.tiktok.com/@thehappydaycoshirt/video/7384094754931313962,ok,Downloaded_Audio/thehappydaycoshirt_7384094754931313962.mp3,Lost in Halloweentown #90shalloween #halloweentown #retrohalloween #s...,thehappydaycoshirt,7384094754931313962,10,https://www.tiktok.com/@thehappydaycoshirt/video/7384094754931313962,
https://www.tiktok.com/@thehappydaycoshirt/video/7383889912321346859,ok,Downloaded_Audio/thehappydaycoshirt_7383889912321346859.mp3,Back to 90s Halloween with #scoobydoo #scarymovie #90shalloween #retr...,thehappydaycoshirt,7383889912321346859,15,https://www.tiktok.com/@thehappydaycoshirt/video/7383889912321346859,
https://www.tiktok.com/@thehappydaycoshirt/video/7382610363042237738,ok,Downloaded_Audio/thehappydaycoshirt_7382610363042237738.mp3,Scream fanğŸ¤™ğŸ» #ghostface #screammovie #horrormovie #summerween #hallow...,thehappydaycoshirt,7382610363042237738,10,https://www.tiktok.com/@thehappydaycoshirt/video/7382610363042237738,
